AadharNumber,AadharName,DateofBirth,Gender,City,StateIndia,PNumber,mailid
1,Vivaan Nair,01-03-1974,Male,Gurgaon,Haryana,9035738050,vivaan.nair329@example.com
2,Vivaan Joshi,26-05-1960,Female,Ahmedabad,Gujarat,9788744801,vivaan.joshi757@example.com
3,Rahul Verma,13-03-1993,Male,Darjeeling,West Bengal,9762152449,rahul.verma487@example.com
4,Aarav Desai,14-06-1969,Male,Udaipur,Rajasthan,8155036924,aarav.desai712@example.com
5,Sneha Mishra,12-05-1967,Male,Panipat,Haryana,8030581742,sneha.mishra570@example.com
6,Akash Gupta,27-07-1986,Female,Varanasi,Uttar Pradesh,7978181422,akash.gupta638@example.com
7,Rohit Patel,15-02-1963,Male,Ahmedabad,Gujarat,9207125106,rohit.patel837@example.com
8,Kavya Mehta,01-09-2005,Male,Agra,Uttar Pradesh,7032947642,kavya.mehta223@example.com
9,Aditya Desai,14-12-1971,Female,Chennai,Tamil Nadu,7555895705,aditya.desai51@example.com
10,Rahul Verma,15-10-1964,Female,Agra,Uttar Pradesh,8376401715,rahul.verma651@example.com
11,Kavya Sharma,02-09-1971,Male,Patiala,Punjab,7150423107,kavya.sharma403@example.com
12,Aditya Singh,29-10-1992,Male,Rajkot,Gujarat,8203334944,aditya.singh846@example.com
13,Sonal Mehta,13-06-1970,Male,Madurai,Tamil Nadu,7315566980,sonal.mehta671@example.com
14,Priya Nair,18-09-1965,Female,Patiala,Punjab,9295147893,priya.nair112@example.com
15,Arjun Sharma,30-12-1995,Male,Kota,Rajasthan,9952028722,arjun.sharma664@example.com
16,Rohit Nair,03-02-1970,Male,Hubli,Karnataka,7594487002,rohit.nair742@example.com
17,Akash Das,20-10-1972,Male,Nagpur,Maharashtra,8994991091,akash.das346@example.com
18,Kavya Chatterjee,08-06-2002,Male,Kota,Rajasthan,8882789567,kavya.chatterjee336@example.com
19,Isha Chopra,03-11-1993,Male,Mumbai,Maharashtra,9581116171,isha.chopra568@example.com
20,Vihaan Singh,22-09-1973,Male,Salem,Tamil Nadu,9293264125,vihaan.singh419@example.com
21,Rohit Singh,25-07-2002,Male,Surat,Gujarat,7502648145,rohit.singh645@example.com
22,Neha Mehta,14-10-2002,Male,Bengaluru,Karnataka,9010670638,neha.mehta423@example.com
23,Priya Chopra,21-04-1966,Male,Agra,Uttar Pradesh,8802149496,priya.chopra677@example.com
24,Arjun Joshi,28-09-1980,Male,Varanasi,Uttar Pradesh,9756759812,arjun.joshi37@example.com
25,Sonal Singh,02-09-1966,Male,Thrissur,Kerala,8439600697,sonal.singh129@example.com
26,Aditya Jaiswal,15-12-1995,Female,Chandigarh,Punjab,8246521446,aditya.jaiswal212@example.com
27,Riya Singh,19-09-1995,Male,Chandigarh,Punjab,8713267647,riya.singh325@example.com
28,Riya Chopra,22-04-1993,Female,Mysuru,Karnataka,8684356337,riya.chopra450@example.com
29,Vivaan Verma,27-12-1985,Female,Bengaluru,Karnataka,8933009480,vivaan.verma812@example.com
30,Priya Chopra,08-10-1965,Male,Mysuru,Karnataka,9796292651,priya.chopra790@example.com
31,Pooja Verma,03-07-1972,Female,Mysuru,Karnataka,8237867697,pooja.verma859@example.com
32,Aarav Kapoor,07-11-2004,Male,Pune,Maharashtra,8880876007,aarav.kapoor597@example.com
33,Sneha Gupta,19-02-1980,Female,Kanpur,Uttar Pradesh,9227374285,sneha.gupta504@example.com
34,Rahul Mehta,15-04-1978,Male,Kochi,Kerala,7641943815,rahul.mehta890@example.com
35,Aarav Das,09-08-1985,Male,Patiala,Punjab,8456904193,aarav.das50@example.com
36,Akash Iyer,23-11-1997,Male,Karnal,Haryana,7591309847,akash.iyer703@example.com
37,Isha Das,12-04-1970,Male,Kanpur,Uttar Pradesh,8163899772,isha.das289@example.com
38,Ananya Mehta,28-10-2002,Male,Kochi,Kerala,7210990358,ananya.mehta148@example.com
39,Isha Nath,01-12-1997,Female,Kochi,Kerala,8354011247,isha.nath826@example.com
40,Ankit Malhotra,14-09-1996,Female,Chennai,Tamil Nadu,7876301558,ankit.malhotra802@example.com
41,Isha Kumar,07-04-1978,Male,Surat,Gujarat,8617595799,isha.kumar120@example.com
42,Sonal Patel,22-11-1986,Female,Ludhiana,Punjab,8319685785,sonal.patel319@example.com
43,Aarav Patel,15-02-2004,Female,Jodhpur,Rajasthan,9237338638,aarav.patel55@example.com
44,Sonal Chopra,08-09-1961,Female,Surat,Gujarat,8707735158,sonal.chopra475@example.com
45,Neha Kapoor,01-11-2004,Female,Thane,Maharashtra,7530758293,neha.kapoor400@example.com
46,Ananya Chatterjee,29-04-1979,Female,Rajkot,Gujarat,9486628955,ananya.chatterjee372@example.com
47,Rohit Mehta,18-05-1967,Male,Coimbatore,Tamil Nadu,8116380135,rohit.mehta155@example.com
48,Sneha Kumar,28-11-1997,Female,Kochi,Kerala,7290353801,sneha.kumar597@example.com
49,Akash Chatterjee,27-04-1975,Female,Bengaluru,Karnataka,9199105664,akash.chatterjee782@example.com
50,Priya Kumar,20-05-1967,Female,Coimbatore,Tamil Nadu,7769087596,priya.kumar203@example.com
51,Riya Gupta,13-04-1980,Female,Mysuru,Karnataka,9168549286,riya.gupta732@example.com
52,Sneha Iyer,29-08-1988,Male,Patiala,Punjab,9999050960,sneha.iyer14@example.com
53,Vihaan Iyer,11-01-1973,Female,Noida,Uttar Pradesh,9965958064,vihaan.iyer768@example.com
54,Riya Singh,17-11-1974,Male,Bengaluru,Karnataka,7088328847,riya.singh404@example.com
55,Akash Jaiswal,23-04-1975,Male,Mysuru,Karnataka,8418650958,akash.jaiswal999@example.com
56,Isha Mishra,01-02-1996,Male,Howrah,West Bengal,7470960901,isha.mishra271@example.com
57,Neha Singh,25-04-1968,Female,Jaipur,Rajasthan,7127924183,neha.singh653@example.com
58,Rahul Desai,15-10-1974,Female,Hubli,Karnataka,7180108918,rahul.desai44@example.com
59,Priya Jaiswal,10-03-1967,Female,Gurgaon,Haryana,9222347476,priya.jaiswal67@example.com
60,Neha Chatterjee,17-02-1988,Female,Kota,Rajasthan,7396173436,neha.chatterjee441@example.com
61,Arjun Desai,07-10-1994,Female,Salem,Tamil Nadu,8009663650,arjun.desai567@example.com
62,Rahul Desai,13-07-1989,Male,Panipat,Haryana,7103246918,rahul.desai877@example.com
63,Kavya Patel,24-12-1984,Female,Karnal,Haryana,7165364607,kavya.patel919@example.com
64,Aditi Chopra,04-11-1979,Female,Siliguri,West Bengal,8410625114,aditi.chopra774@example.com
65,Kavya Joshi,08-12-1997,Male,Vadodara,Gujarat,7305808719,kavya.joshi699@example.com
66,Ananya Das,24-05-1980,Male,Coimbatore,Tamil Nadu,8656690935,ananya.das34@example.com
67,Vihaan Singh,14-03-1966,Female,Panipat,Haryana,7698304292,vihaan.singh858@example.com
68,Sai Reddy,18-01-1974,Male,Vadodara,Gujarat,9008734296,sai.reddy12@example.com
69,Priya Chopra,26-10-1973,Male,Rajkot,Gujarat,8902768315,priya.chopra909@example.com
70,Aditya Malhotra,13-04-1983,Female,Kozhikode,Kerala,9195632009,aditya.malhotra6@example.com
71,Aditi Malhotra,22-04-1976,Male,Madurai,Tamil Nadu,8020063208,aditi.malhotra63@example.com
72,Isha Reddy,03-08-2001,Male,Darjeeling,West Bengal,7406377068,isha.reddy631@example.com
73,Sai Iyer,29-10-2004,Male,Siliguri,West Bengal,7677952142,sai.iyer375@example.com
74,Ankit Iyer,09-04-1986,Female,Madurai,Tamil Nadu,9205612465,ankit.iyer159@example.com
75,Akash Das,04-03-1961,Female,Nagpur,Maharashtra,8213635990,akash.das116@example.com
76,Akash Kumar,20-11-1988,Female,Siliguri,West Bengal,7369305645,akash.kumar853@example.com
77,Arjun Jaiswal,31-10-1998,Female,Ludhiana,Punjab,7527499080,arjun.jaiswal16@example.com
78,Isha Mehta,26-04-1960,Male,Jodhpur,Rajasthan,7561896833,isha.mehta562@example.com
79,Sneha Iyer,28-03-1966,Female,Darjeeling,West Bengal,9149877160,sneha.iyer393@example.com
80,Riya Kapoor,28-11-1990,Male,Patiala,Punjab,8274264037,riya.kapoor563@example.com
81,Aarav Nair,20-10-1967,Female,Mysuru,Karnataka,7718470340,aarav.nair975@example.com
82,Pooja Kapoor,14-05-2005,Male,Jaipur,Rajasthan,8998528849,pooja.kapoor189@example.com
83,Pooja Das,27-04-1976,Male,Karnal,Haryana,8506746186,pooja.das359@example.com
84,Isha Nath,12-02-1968,Female,Kolkata,West Bengal,7704861425,isha.nath599@example.com
85,Neha Kapoor,24-10-2000,Male,Thiruvananthapuram,Kerala,7313303083,neha.kapoor681@example.com
86,Sonal Patel,27-05-1989,Male,Kanpur,Uttar Pradesh,7727993984,sonal.patel655@example.com
87,Aditya Nair,23-09-1968,Female,Thane,Maharashtra,9518768097,aditya.nair93@example.com
88,Sneha Sharma,05-07-1982,Female,Vadodara,Gujarat,9272489697,sneha.sharma11@example.com
89,Sai Nath,29-12-1991,Male,Amritsar,Punjab,8759136227,sai.nath717@example.com
90,Rahul Kapoor,29-05-2004,Male,Noida,Uttar Pradesh,8788001361,rahul.kapoor23@example.com
91,Arjun Chopra,03-12-1971,Female,Ludhiana,Punjab,7176489069,arjun.chopra899@example.com
92,Akash Kumar,05-03-1969,Male,Amritsar,Punjab,8366986144,akash.kumar502@example.com
93,Aditi Mehta,28-09-1983,Male,Jodhpur,Rajasthan,7973936270,aditi.mehta732@example.com
94,Neha Patel,22-12-1964,Male,Kolkata,West Bengal,7937598149,neha.patel306@example.com
95,Kavya Sharma,17-04-1960,Male,Mangalore,Karnataka,9390646919,kavya.sharma875@example.com
96,Neha Verma,20-09-1972,Male,Udaipur,Rajasthan,7926139649,neha.verma196@example.com
97,Vihaan Das,25-08-2003,Male,Coimbatore,Tamil Nadu,7960744469,vihaan.das431@example.com
98,Priya Das,28-07-1997,Male,Surat,Gujarat,7255703002,priya.das799@example.com
99,Sonal Verma,18-05-1978,Female,Lucknow,Uttar Pradesh,9105787297,sonal.verma920@example.com
100,Aditi Iyer,14-12-1991,Male,Nagpur,Maharashtra,7663825779,aditi.iyer820@example.com
101,Priya Kapoor,16-07-2001,Female,Madurai,Tamil Nadu,7492733380,priya.kapoor207@example.com
102,Riya Patel,11-08-1983,Female,Ahmedabad,Gujarat,7494074269,riya.patel39@example.com
103,Ankit Jaiswal,04-07-1977,Female,Siliguri,West Bengal,8709997049,ankit.jaiswal941@example.com
104,Aarav Singh,12-05-1976,Male,Howrah,West Bengal,7631225185,aarav.singh510@example.com
105,Aditya Kapoor,04-01-1995,Male,Mysuru,Karnataka,9071607963,aditya.kapoor576@example.com
106,Kavya Sharma,13-01-1994,Female,Udaipur,Rajasthan,7722275652,kavya.sharma826@example.com
107,Vivaan Patel,10-08-1973,Female,Siliguri,West Bengal,7704585661,vivaan.patel116@example.com
108,Sai Desai,14-10-1983,Male,Jodhpur,Rajasthan,8337992533,sai.desai304@example.com
109,Rahul Desai,10-06-1968,Male,Darjeeling,West Bengal,9819333209,rahul.desai252@example.com
110,Arjun Mishra,07-03-1961,Male,Chandigarh,Punjab,7611029804,arjun.mishra536@example.com
111,Sneha Mehta,13-08-1986,Male,Rajkot,Gujarat,8583288036,sneha.mehta538@example.com
112,Arjun Joshi,21-09-1984,Male,Nagpur,Maharashtra,8434129230,arjun.joshi910@example.com
113,Aditya Kapoor,30-05-1980,Male,Jodhpur,Rajasthan,9352079839,aditya.kapoor288@example.com
114,Arjun Malhotra,03-08-2004,Female,Mumbai,Maharashtra,9915298542,arjun.malhotra21@example.com
115,Aditya Sharma,31-03-1966,Male,Jaipur,Rajasthan,8775106015,aditya.sharma65@example.com
116,Rohit Sharma,23-11-1964,Male,Kolkata,West Bengal,7643385583,rohit.sharma860@example.com
117,Akash Malhotra,19-06-1976,Male,Thrissur,Kerala,7072192312,akash.malhotra829@example.com
118,Vivaan Sharma,27-07-1991,Male,Kolkata,West Bengal,7765133779,vivaan.sharma386@example.com
119,Sneha Joshi,22-10-1991,Female,Surat,Gujarat,9447386735,sneha.joshi347@example.com
120,Riya Chopra,06-04-1976,Female,Vadodara,Gujarat,9190812418,riya.chopra197@example.com
121,Aditi Malhotra,22-06-2001,Male,Udaipur,Rajasthan,7137141899,aditi.malhotra146@example.com
122,Isha Malhotra,02-05-1999,Male,Rajkot,Gujarat,8659938091,isha.malhotra135@example.com
123,Aarav Mehta,26-05-1995,Male,Patiala,Punjab,9174037713,aarav.mehta823@example.com
124,Priya Malhotra,07-09-1970,Male,Gurgaon,Haryana,8297911905,priya.malhotra865@example.com
125,Kavya Nath,06-10-1998,Male,Chennai,Tamil Nadu,9417543756,kavya.nath824@example.com
126,Vivaan Sharma,27-09-1996,Female,Kochi,Kerala,7817081211,vivaan.sharma632@example.com
127,Aarav Patel,06-06-1969,Male,Patiala,Punjab,8088567695,aarav.patel605@example.com
128,Neha Malhotra,26-01-1998,Male,Vadodara,Gujarat,7337518930,neha.malhotra296@example.com
129,Vihaan Kumar,24-01-1972,Male,Kozhikode,Kerala,7003834251,vihaan.kumar206@example.com
130,Neha Singh,05-08-1975,Female,Kochi,Kerala,8957765830,neha.singh107@example.com
131,Aarav Patel,19-03-1990,Male,Siliguri,West Bengal,9165697607,aarav.patel193@example.com
132,Vihaan Malhotra,27-05-1979,Male,Kota,Rajasthan,7995344294,vihaan.malhotra663@example.com
133,Sneha Jaiswal,14-05-1993,Female,Rajkot,Gujarat,8135885619,sneha.jaiswal778@example.com
134,Rahul Reddy,19-03-1968,Male,Vadodara,Gujarat,9958108115,rahul.reddy436@example.com
135,Sai Joshi,06-02-1962,Male,Salem,Tamil Nadu,9433318505,sai.joshi400@example.com
136,Neha Mishra,02-01-1979,Male,Chandigarh,Punjab,7702370766,neha.mishra125@example.com
137,Aditi Chatterjee,25-04-1977,Male,Mangalore,Karnataka,8885967402,aditi.chatterjee605@example.com
138,Kavya Joshi,12-05-1998,Female,Hubli,Karnataka,9642344397,kavya.joshi390@example.com
139,Ankit Chopra,22-07-1964,Female,Bengaluru,Karnataka,7888252522,ankit.chopra640@example.com
140,Akash Sharma,10-01-1976,Male,Kolkata,West Bengal,9464498535,akash.sharma339@example.com
141,Riya Patel,13-03-2001,Male,Faridabad,Haryana,7473835655,riya.patel699@example.com
142,Aditi Chatterjee,25-11-2001,Male,Darjeeling,West Bengal,9595732593,aditi.chatterjee779@example.com
143,Akash Nair,30-06-1972,Female,Mysuru,Karnataka,7592466497,akash.nair281@example.com
144,Rohit Reddy,10-06-1989,Male,Chennai,Tamil Nadu,7347114658,rohit.reddy323@example.com
145,Arjun Joshi,02-01-1977,Female,Amritsar,Punjab,7914028383,arjun.joshi448@example.com
146,Akash Chopra,23-02-1999,Male,Mangalore,Karnataka,7349937971,akash.chopra86@example.com
147,Vihaan Verma,07-11-1972,Male,Mumbai,Maharashtra,7935193100,vihaan.verma283@example.com
148,Aditi Verma,04-10-2001,Male,Chennai,Tamil Nadu,8875902073,aditi.verma530@example.com
149,Sneha Jaiswal,12-01-1966,Female,Bengaluru,Karnataka,9111916018,sneha.jaiswal415@example.com
150,Riya Mishra,11-08-1997,Female,Mysuru,Karnataka,7146832273,riya.mishra138@example.com
151,Akash Patel,18-01-1974,Female,Madurai,Tamil Nadu,9739626218,akash.patel848@example.com
152,Ankit Das,29-07-1983,Male,Vadodara,Gujarat,8336831227,ankit.das111@example.com
153,Aditi Chopra,22-03-1999,Female,Kochi,Kerala,7442437671,aditi.chopra717@example.com
154,Rohit Joshi,20-03-1977,Male,Kota,Rajasthan,9046680085,rohit.joshi852@example.com
155,Aditya Nath,11-03-1982,Female,Ludhiana,Punjab,8407278576,aditya.nath754@example.com
156,Arjun Mishra,07-02-1995,Male,Darjeeling,West Bengal,9118862985,arjun.mishra36@example.com
157,Vihaan Mishra,26-06-1986,Female,Thrissur,Kerala,7188389853,vihaan.mishra437@example.com
158,Vivaan Malhotra,13-05-1983,Male,Chandigarh,Punjab,9165460851,vivaan.malhotra930@example.com
159,Vihaan Nath,31-10-1970,Female,Howrah,West Bengal,9752998466,vihaan.nath464@example.com
160,Ananya Malhotra,25-07-2004,Female,Thrissur,Kerala,7258371289,ananya.malhotra653@example.com
161,Isha Kapoor,12-04-1988,Male,Kanpur,Uttar Pradesh,8884644502,isha.kapoor468@example.com
162,Neha Chopra,22-06-1982,Female,Agra,Uttar Pradesh,7171651068,neha.chopra77@example.com
163,Sonal Kapoor,14-03-1997,Female,Varanasi,Uttar Pradesh,9197158402,sonal.kapoor514@example.com
164,Isha Malhotra,03-01-1987,Female,Surat,Gujarat,7226648291,isha.malhotra728@example.com
165,Vihaan Reddy,09-03-1964,Female,Amritsar,Punjab,9522592601,vihaan.reddy44@example.com
166,Ankit Chatterjee,31-08-1969,Female,Ludhiana,Punjab,9639686653,ankit.chatterjee54@example.com
167,Sonal Iyer,09-05-1998,Female,Thrissur,Kerala,7872637422,sonal.iyer834@example.com
168,Riya Reddy,19-06-1973,Male,Kozhikode,Kerala,8466740895,riya.reddy382@example.com
169,Vihaan Gupta,21-09-1992,Female,Coimbatore,Tamil Nadu,9209708581,vihaan.gupta36@example.com
170,Vihaan Patel,16-05-1965,Female,Faridabad,Haryana,8902239170,vihaan.patel619@example.com
171,Kavya Mishra,19-04-1963,Female,Kota,Rajasthan,9904077208,kavya.mishra710@example.com
172,Aditya Chopra,11-08-1966,Female,Panipat,Haryana,8635097546,aditya.chopra546@example.com
173,Priya Chatterjee,14-01-1979,Male,Howrah,West Bengal,8764993374,priya.chatterjee280@example.com
174,Vivaan Iyer,11-07-1979,Male,Mangalore,Karnataka,8413656938,vivaan.iyer543@example.com
175,Sneha Gupta,11-01-1963,Male,Thiruvananthapuram,Kerala,9663876955,sneha.gupta558@example.com
176,Aditya Malhotra,25-12-2000,Male,Mangalore,Karnataka,9494153555,aditya.malhotra166@example.com
177,Sonal Das,10-08-1975,Male,Howrah,West Bengal,8173855784,sonal.das309@example.com
178,Priya Verma,05-09-1985,Female,Coimbatore,Tamil Nadu,7807942515,priya.verma171@example.com
179,Vihaan Nair,06-11-1976,Female,Hubli,Karnataka,7100786005,vihaan.nair279@example.com
180,Ananya Patel,31-10-1962,Male,Udaipur,Rajasthan,9146818646,ananya.patel957@example.com
181,Akash Iyer,07-03-1979,Male,Kozhikode,Kerala,8468760840,akash.iyer241@example.com
182,Aarav Desai,13-06-1979,Female,Amritsar,Punjab,9314067668,aarav.desai81@example.com
183,Neha Reddy,09-09-1989,Female,Vadodara,Gujarat,8587809879,neha.reddy23@example.com
184,Vihaan Jaiswal,09-03-2003,Male,Jodhpur,Rajasthan,8700710309,vihaan.jaiswal505@example.com
185,Ankit Nair,23-11-1996,Male,Agra,Uttar Pradesh,8528873197,ankit.nair549@example.com
186,Neha Jaiswal,15-10-1972,Female,Udaipur,Rajasthan,9369871550,neha.jaiswal687@example.com
187,Priya Mehta,13-11-2001,Male,Kochi,Kerala,7063378431,priya.mehta644@example.com
188,Sai Joshi,22-05-1991,Female,Hubli,Karnataka,7071419131,sai.joshi531@example.com
189,Rahul Reddy,05-08-2000,Male,Patiala,Punjab,7433519446,rahul.reddy791@example.com
190,Arjun Mishra,14-04-2002,Male,Rajkot,Gujarat,8733691395,arjun.mishra981@example.com
191,Sneha Mehta,16-02-1965,Female,Kozhikode,Kerala,8510553434,sneha.mehta787@example.com
192,Sneha Malhotra,29-11-1978,Female,Agra,Uttar Pradesh,9934711168,sneha.malhotra835@example.com
193,Riya Mehta,19-02-1984,Female,Kozhikode,Kerala,7052700049,riya.mehta483@example.com
194,Kavya Verma,30-10-1985,Female,Bengaluru,Karnataka,9706171441,kavya.verma378@example.com
195,Aarav Desai,16-08-1981,Female,Panipat,Haryana,9267550166,aarav.desai577@example.com
196,Rahul Desai,12-03-1963,Male,Chandigarh,Punjab,8279626797,rahul.desai334@example.com
197,Aditya Nath,20-04-1984,Male,Gurgaon,Haryana,7911371170,aditya.nath53@example.com
198,Priya Das,15-01-1997,Male,Madurai,Tamil Nadu,8996104004,priya.das478@example.com
199,Riya Kapoor,23-01-1979,Male,Lucknow,Uttar Pradesh,7240325898,riya.kapoor340@example.com
200,Ananya Nair,24-04-1989,Male,Ahmedabad,Gujarat,9557617486,ananya.nair709@example.com
201,Ananya Singh,13-03-1977,Male,Panipat,Haryana,9377318133,ananya.singh370@example.com
202,Ankit Joshi,04-11-1994,Female,Patiala,Punjab,8779245885,ankit.joshi772@example.com
203,Arjun Nair,10-12-1990,Female,Ludhiana,Punjab,8978331825,arjun.nair792@example.com
204,Arjun Desai,29-06-2005,Female,Noida,Uttar Pradesh,9752673484,arjun.desai719@example.com
205,Rohit Kapoor,14-05-1961,Male,Karnal,Haryana,7753319088,rohit.kapoor545@example.com
206,Sonal Joshi,20-08-1966,Male,Thane,Maharashtra,7160739341,sonal.joshi849@example.com
207,Isha Chatterjee,29-03-1981,Male,Ludhiana,Punjab,9981775700,isha.chatterjee429@example.com
208,Akash Chatterjee,02-03-1963,Female,Gurgaon,Haryana,9199794809,akash.chatterjee537@example.com
209,Sonal Joshi,11-12-1990,Male,Kozhikode,Kerala,9875023602,sonal.joshi371@example.com
210,Aditi Iyer,13-06-1975,Male,Jaipur,Rajasthan,7506218033,aditi.iyer754@example.com
211,Kavya Nair,19-10-1964,Male,Mysuru,Karnataka,8135094786,kavya.nair243@example.com
212,Sonal Mishra,31-01-1976,Female,Surat,Gujarat,8859401873,sonal.mishra635@example.com
213,Riya Nath,13-09-1971,Female,Kolkata,West Bengal,7885065137,riya.nath638@example.com
214,Isha Malhotra,05-06-1984,Male,Faridabad,Haryana,9121983154,isha.malhotra75@example.com
215,Rohit Verma,30-09-1988,Male,Panipat,Haryana,7666600897,rohit.verma566@example.com
216,Rahul Patel,14-11-1974,Male,Amritsar,Punjab,7694539637,rahul.patel576@example.com
217,Sneha Mehta,17-01-1984,Male,Panipat,Haryana,7498237583,sneha.mehta76@example.com
218,Rohit Jaiswal,24-09-1966,Female,Kochi,Kerala,7854215472,rohit.jaiswal767@example.com
219,Vihaan Malhotra,14-09-1987,Female,Panipat,Haryana,8045563485,vihaan.malhotra994@example.com
220,Riya Kumar,10-11-1976,Male,Faridabad,Haryana,9014512688,riya.kumar913@example.com
221,Sneha Mishra,23-11-1982,Female,Varanasi,Uttar Pradesh,8424893079,sneha.mishra385@example.com
222,Sonal Jaiswal,24-05-2005,Male,Faridabad,Haryana,9901192402,sonal.jaiswal633@example.com
223,Ankit Verma,23-10-1986,Male,Siliguri,West Bengal,7720938398,ankit.verma668@example.com
224,Aditi Desai,12-12-1988,Female,Siliguri,West Bengal,7978975665,aditi.desai890@example.com
225,Isha Chatterjee,09-12-1962,Female,Darjeeling,West Bengal,7280537044,isha.chatterjee938@example.com
226,Aditya Iyer,20-02-1967,Female,Rajkot,Gujarat,7889104103,aditya.iyer891@example.com
227,Vihaan Mehta,08-08-2003,Male,Howrah,West Bengal,8984874932,vihaan.mehta175@example.com
228,Akash Iyer,17-12-2003,Male,Kota,Rajasthan,7795437243,akash.iyer794@example.com
229,Sneha Nath,24-09-1973,Female,Ahmedabad,Gujarat,9776544809,sneha.nath625@example.com
230,Arjun Kumar,20-08-1971,Male,Agra,Uttar Pradesh,8371506131,arjun.kumar829@example.com
231,Aditya Verma,19-10-1962,Male,Amritsar,Punjab,8918807546,aditya.verma502@example.com
232,Riya Sharma,02-03-1962,Male,Kanpur,Uttar Pradesh,9799404293,riya.sharma788@example.com
233,Sai Malhotra,04-06-1969,Female,Kanpur,Uttar Pradesh,9573188520,sai.malhotra234@example.com
234,Sai Kumar,28-11-1997,Male,Faridabad,Haryana,9127437593,sai.kumar7@example.com
235,Isha Joshi,08-01-1983,Male,Kozhikode,Kerala,7512169779,isha.joshi301@example.com
236,Isha Das,06-07-1990,Female,Lucknow,Uttar Pradesh,7008180738,isha.das211@example.com
237,Kavya Gupta,01-08-1978,Male,Mysuru,Karnataka,9723512359,kavya.gupta945@example.com
238,Priya Reddy,18-12-1996,Female,Kanpur,Uttar Pradesh,7186935016,priya.reddy443@example.com
239,Pooja Verma,05-08-1966,Male,Siliguri,West Bengal,9452777655,pooja.verma312@example.com
240,Sonal Reddy,23-05-1988,Male,Faridabad,Haryana,8210550400,sonal.reddy45@example.com
241,Arjun Sharma,28-06-2003,Male,Patiala,Punjab,8164986626,arjun.sharma633@example.com
242,Ananya Iyer,08-06-1972,Male,Mangalore,Karnataka,7891941761,ananya.iyer514@example.com
243,Neha Jaiswal,28-07-1999,Female,Thane,Maharashtra,9223778500,neha.jaiswal157@example.com
244,Sonal Das,27-12-1960,Male,Chennai,Tamil Nadu,8729923260,sonal.das390@example.com
245,Ananya Nath,24-03-1968,Female,Darjeeling,West Bengal,8974128753,ananya.nath855@example.com
246,Sonal Jaiswal,18-06-2005,Male,Jaipur,Rajasthan,9797851170,sonal.jaiswal554@example.com
247,Sonal Kapoor,12-10-1996,Male,Amritsar,Punjab,9399105992,sonal.kapoor816@example.com
248,Aarav Malhotra,19-03-1995,Male,Kolkata,West Bengal,9157643378,aarav.malhotra884@example.com
249,Rahul Chopra,13-07-1960,Male,Thiruvananthapuram,Kerala,8363007228,rahul.chopra856@example.com
250,Rohit Singh,06-04-1963,Female,Thrissur,Kerala,8993429845,rohit.singh532@example.com
251,Neha Verma,21-10-1971,Female,Faridabad,Haryana,9397183359,neha.verma971@example.com
252,Isha Jaiswal,02-10-1984,Female,Nashik,Maharashtra,9833918115,isha.jaiswal895@example.com
253,Vihaan Das,10-01-1986,Female,Kolkata,West Bengal,8271169364,vihaan.das690@example.com
254,Priya Mishra,19-09-1968,Male,Ludhiana,Punjab,9912859524,priya.mishra527@example.com
255,Neha Chatterjee,05-05-1962,Female,Mumbai,Maharashtra,8801864051,neha.chatterjee365@example.com
256,Sneha Nath,23-10-2002,Male,Lucknow,Uttar Pradesh,9765551761,sneha.nath516@example.com
257,Priya Desai,27-12-2003,Male,Udaipur,Rajasthan,9695730568,priya.desai645@example.com
258,Riya Sharma,05-02-1973,Male,Lucknow,Uttar Pradesh,8494093787,riya.sharma173@example.com
259,Sonal Patel,23-01-1976,Female,Varanasi,Uttar Pradesh,7225808900,sonal.patel111@example.com
260,Kavya Joshi,16-05-1961,Female,Nashik,Maharashtra,8409356699,kavya.joshi973@example.com
261,Sonal Sharma,15-12-1996,Male,Hubli,Karnataka,7705146402,sonal.sharma263@example.com
262,Arjun Joshi,20-05-1960,Female,Chennai,Tamil Nadu,8847981782,arjun.joshi968@example.com
263,Kavya Malhotra,08-04-1962,Female,Howrah,West Bengal,9738896111,kavya.malhotra983@example.com
264,Aditya Kumar,19-06-1999,Female,Pune,Maharashtra,7572404503,aditya.kumar819@example.com
265,Ankit Joshi,21-05-1998,Male,Vadodara,Gujarat,7248231432,ankit.joshi802@example.com
266,Vivaan Chopra,01-12-2003,Male,Madurai,Tamil Nadu,9123948619,vivaan.chopra14@example.com
267,Vivaan Chopra,10-05-1982,Male,Lucknow,Uttar Pradesh,9349818659,vivaan.chopra137@example.com
268,Isha Mehta,13-08-1992,Male,Amritsar,Punjab,8232816127,isha.mehta42@example.com
269,Riya Chopra,06-06-1991,Female,Kolkata,West Bengal,9047885533,riya.chopra134@example.com
270,Aarav Nath,02-07-1985,Female,Varanasi,Uttar Pradesh,9860092065,aarav.nath835@example.com
271,Akash Chatterjee,09-03-2000,Male,Bengaluru,Karnataka,9728084636,akash.chatterjee213@example.com
272,Neha Reddy,09-12-1961,Male,Nashik,Maharashtra,7153201379,neha.reddy359@example.com
273,Priya Jaiswal,29-10-1986,Female,Udaipur,Rajasthan,9074738295,priya.jaiswal256@example.com
274,Pooja Patel,14-07-1975,Male,Ludhiana,Punjab,7303983708,pooja.patel317@example.com
275,Sai Sharma,19-02-1977,Female,Hubli,Karnataka,7906719745,sai.sharma776@example.com
276,Neha Malhotra,17-01-2003,Male,Vadodara,Gujarat,8057771816,neha.malhotra147@example.com
277,Sneha Joshi,28-05-1972,Male,Rajkot,Gujarat,8385687781,sneha.joshi268@example.com
278,Sneha Joshi,07-07-1978,Male,Faridabad,Haryana,9910513944,sneha.joshi477@example.com
279,Ananya Chopra,10-12-1966,Female,Kolkata,West Bengal,8643816613,ananya.chopra21@example.com
280,Aditya Verma,02-08-1982,Female,Jaipur,Rajasthan,8837060013,aditya.verma967@example.com
281,Sonal Nair,21-10-1974,Female,Jodhpur,Rajasthan,7593757894,sonal.nair34@example.com
282,Kavya Mehta,16-07-1973,Male,Coimbatore,Tamil Nadu,9264422901,kavya.mehta994@example.com
283,Sai Kumar,02-02-2002,Male,Ludhiana,Punjab,7372123413,sai.kumar280@example.com
284,Vivaan Kapoor,27-05-1964,Female,Kozhikode,Kerala,8034509445,vivaan.kapoor802@example.com
285,Isha Kumar,17-10-1967,Female,Mangalore,Karnataka,9624271817,isha.kumar962@example.com
286,Kavya Kapoor,05-11-1975,Female,Thrissur,Kerala,7061116057,kavya.kapoor211@example.com
287,Rohit Reddy,22-11-1982,Male,Coimbatore,Tamil Nadu,7568613742,rohit.reddy787@example.com
288,Rahul Reddy,08-08-1986,Male,Faridabad,Haryana,9092923817,rahul.reddy4@example.com
289,Sonal Mehta,23-09-1975,Female,Patiala,Punjab,8067598626,sonal.mehta935@example.com
290,Ananya Reddy,17-03-2003,Male,Hubli,Karnataka,7404810367,ananya.reddy422@example.com
291,Sonal Joshi,17-07-1966,Female,Faridabad,Haryana,7628037181,sonal.joshi799@example.com
292,Vihaan Verma,04-03-1971,Male,Karnal,Haryana,7183051516,vihaan.verma677@example.com
293,Arjun Patel,20-06-1964,Male,Howrah,West Bengal,7357255155,arjun.patel571@example.com
294,Kavya Nath,19-09-1992,Female,Kochi,Kerala,9231508270,kavya.nath456@example.com
295,Ankit Singh,22-12-1996,Female,Kota,Rajasthan,7680257465,ankit.singh2@example.com
296,Riya Mehta,14-07-1993,Male,Udaipur,Rajasthan,9059553742,riya.mehta520@example.com
297,Pooja Mehta,14-10-1993,Female,Bengaluru,Karnataka,9675925733,pooja.mehta64@example.com
298,Sonal Nair,14-04-1995,Female,Thane,Maharashtra,9096078012,sonal.nair623@example.com
299,Akash Verma,04-02-1975,Female,Thrissur,Kerala,9195208049,akash.verma175@example.com
300,Ananya Singh,01-09-1986,Male,Bengaluru,Karnataka,7572299240,ananya.singh891@example.com
301,Rohit Desai,11-04-1972,Male,Pune,Maharashtra,9777258073,rohit.desai989@example.com
302,Priya Kapoor,20-01-2005,Female,Mumbai,Maharashtra,7470367372,priya.kapoor747@example.com
303,Priya Patel,27-05-1969,Female,Varanasi,Uttar Pradesh,8215813693,priya.patel552@example.com
304,Sai Chatterjee,10-12-1973,Male,Madurai,Tamil Nadu,9090052970,sai.chatterjee71@example.com
305,Priya Nair,25-08-1976,Female,Hubli,Karnataka,8837801129,priya.nair910@example.com
306,Riya Iyer,27-05-1984,Female,Patiala,Punjab,8367732847,riya.iyer369@example.com
307,Ankit Mehta,31-05-1994,Male,Chennai,Tamil Nadu,9159732715,ankit.mehta987@example.com
308,Sonal Joshi,09-11-1999,Female,Siliguri,West Bengal,7733402367,sonal.joshi391@example.com
309,Sonal Mishra,14-07-1998,Male,Jodhpur,Rajasthan,9215678314,sonal.mishra831@example.com
310,Rohit Gupta,08-12-1979,Female,Patiala,Punjab,8807201777,rohit.gupta896@example.com
311,Aarav Mishra,21-06-1970,Female,Thiruvananthapuram,Kerala,9142457003,aarav.mishra392@example.com
312,Ananya Nair,16-02-1961,Female,Ludhiana,Punjab,7076793856,ananya.nair602@example.com
313,Arjun Kumar,08-06-1976,Female,Patiala,Punjab,9310458344,arjun.kumar104@example.com
314,Pooja Chopra,22-09-1993,Male,Gurgaon,Haryana,7647267754,pooja.chopra295@example.com
315,Ananya Chopra,12-08-1984,Male,Ludhiana,Punjab,8126916279,ananya.chopra119@example.com
316,Aditya Chatterjee,05-07-1977,Female,Bengaluru,Karnataka,8684807621,aditya.chatterjee391@example.com
317,Rahul Malhotra,22-01-1986,Female,Thane,Maharashtra,9924929269,rahul.malhotra647@example.com
318,Arjun Kapoor,05-01-1974,Male,Madurai,Tamil Nadu,8352845216,arjun.kapoor898@example.com
319,Vivaan Chopra,20-02-1997,Male,Salem,Tamil Nadu,9692038076,vivaan.chopra376@example.com
320,Akash Nath,07-10-1977,Male,Bengaluru,Karnataka,8224227152,akash.nath862@example.com
321,Ankit Chopra,08-04-2004,Male,Udaipur,Rajasthan,7391889280,ankit.chopra817@example.com
322,Rahul Chopra,25-08-1989,Female,Thiruvananthapuram,Kerala,9236641423,rahul.chopra536@example.com
323,Sai Mehta,31-07-1994,Female,Mysuru,Karnataka,9849905316,sai.mehta487@example.com
324,Isha Nath,10-09-1991,Male,Pune,Maharashtra,7771075771,isha.nath197@example.com
325,Pooja Malhotra,04-02-1988,Female,Pune,Maharashtra,8214806452,pooja.malhotra924@example.com
326,Sonal Kumar,09-12-2002,Male,Siliguri,West Bengal,7279373497,sonal.kumar679@example.com
327,Aditya Das,19-01-1971,Male,Ahmedabad,Gujarat,9507816320,aditya.das99@example.com
328,Sonal Chatterjee,06-04-2003,Female,Vadodara,Gujarat,8647741575,sonal.chatterjee776@example.com
329,Arjun Jaiswal,09-05-1983,Male,Siliguri,West Bengal,9919960227,arjun.jaiswal445@example.com
330,Ananya Verma,21-11-2002,Female,Patiala,Punjab,9636017948,ananya.verma911@example.com
331,Aditya Malhotra,12-07-1979,Male,Udaipur,Rajasthan,9656006879,aditya.malhotra697@example.com
332,Sonal Verma,03-10-1997,Female,Gurgaon,Haryana,9815041745,sonal.verma94@example.com
333,Vivaan Gupta,17-10-1961,Male,Thiruvananthapuram,Kerala,9506275494,vivaan.gupta151@example.com
334,Sonal Gupta,30-01-1981,Female,Siliguri,West Bengal,7170909101,sonal.gupta570@example.com
335,Priya Das,20-02-2003,Female,Vadodara,Gujarat,8284713160,priya.das643@example.com
336,Arjun Mishra,19-07-1994,Male,Varanasi,Uttar Pradesh,7278312336,arjun.mishra35@example.com
337,Rohit Patel,30-11-1974,Female,Thrissur,Kerala,8099134870,rohit.patel784@example.com
338,Aditya Chatterjee,19-12-1973,Male,Thiruvananthapuram,Kerala,8944007115,aditya.chatterjee573@example.com
339,Priya Kumar,16-05-1963,Female,Agra,Uttar Pradesh,9136328767,priya.kumar638@example.com
340,Sneha Desai,06-07-1981,Male,Mysuru,Karnataka,8866716551,sneha.desai91@example.com
341,Riya Kapoor,30-08-1973,Male,Vadodara,Gujarat,9395489584,riya.kapoor386@example.com
342,Rahul Jaiswal,18-06-1975,Female,Surat,Gujarat,9477777021,rahul.jaiswal886@example.com
343,Akash Kapoor,24-04-1981,Female,Vadodara,Gujarat,7057234831,akash.kapoor786@example.com
344,Vihaan Gupta,27-06-1987,Female,Madurai,Tamil Nadu,9832417265,vihaan.gupta981@example.com
345,Sneha Jaiswal,29-11-1967,Male,Patiala,Punjab,7542650700,sneha.jaiswal647@example.com
346,Pooja Patel,27-06-1996,Female,Thiruvananthapuram,Kerala,9820249463,pooja.patel86@example.com
347,Priya Desai,20-09-1966,Male,Ludhiana,Punjab,9479055485,priya.desai655@example.com
348,Isha Kumar,03-10-1969,Female,Karnal,Haryana,9448829969,isha.kumar806@example.com
349,Priya Joshi,30-10-1968,Female,Bengaluru,Karnataka,7599559070,priya.joshi943@example.com
350,Isha Desai,27-05-1989,Female,Kota,Rajasthan,8857545204,isha.desai392@example.com
351,Pooja Mehta,25-11-1999,Female,Ahmedabad,Gujarat,7310891769,pooja.mehta448@example.com
352,Akash Malhotra,13-02-1963,Male,Siliguri,West Bengal,8207413680,akash.malhotra474@example.com
353,Isha Patel,16-03-1969,Female,Salem,Tamil Nadu,8187740246,isha.patel973@example.com
354,Ankit Patel,09-04-2003,Female,Madurai,Tamil Nadu,7657512786,ankit.patel585@example.com
355,Sai Chopra,28-11-1963,Female,Chennai,Tamil Nadu,7082924965,sai.chopra985@example.com
356,Aditya Nath,10-05-2005,Female,Thane,Maharashtra,9353648265,aditya.nath482@example.com
357,Neha Desai,30-09-1963,Male,Siliguri,West Bengal,9934887822,neha.desai695@example.com
358,Sai Chatterjee,10-01-1960,Male,Siliguri,West Bengal,7561988857,sai.chatterjee155@example.com
359,Sai Sharma,24-05-1973,Male,Kota,Rajasthan,9051979019,sai.sharma777@example.com
360,Neha Nair,15-01-1997,Male,Nashik,Maharashtra,9821436307,neha.nair92@example.com
361,Sonal Malhotra,09-12-1966,Male,Udaipur,Rajasthan,8275674282,sonal.malhotra941@example.com
362,Aditi Iyer,10-11-1969,Male,Vadodara,Gujarat,7904305082,aditi.iyer829@example.com
363,Akash Das,01-03-1970,Male,Kochi,Kerala,9525249839,akash.das948@example.com
364,Ananya Chatterjee,07-11-1969,Female,Ludhiana,Punjab,7322069515,ananya.chatterjee828@example.com
365,Pooja Kapoor,28-01-1964,Male,Thrissur,Kerala,9168520071,pooja.kapoor923@example.com
366,Ankit Nath,24-05-1963,Female,Thiruvananthapuram,Kerala,7565596087,ankit.nath109@example.com
367,Akash Kumar,09-01-1979,Male,Howrah,West Bengal,8086016480,akash.kumar362@example.com
368,Rahul Kapoor,18-08-1992,Female,Ahmedabad,Gujarat,9434569899,rahul.kapoor613@example.com
369,Arjun Reddy,23-07-2001,Female,Chennai,Tamil Nadu,8567449700,arjun.reddy449@example.com
370,Isha Nath,13-12-1993,Male,Kozhikode,Kerala,8810904995,isha.nath188@example.com
371,Aditi Chopra,30-12-1987,Male,Faridabad,Haryana,7093042895,aditi.chopra288@example.com
372,Vivaan Malhotra,06-06-1963,Female,Gurgaon,Haryana,9725036699,vivaan.malhotra404@example.com
373,Sneha Iyer,30-09-1961,Male,Salem,Tamil Nadu,7593490334,sneha.iyer634@example.com
374,Ankit Desai,09-04-1983,Male,Coimbatore,Tamil Nadu,7961816071,ankit.desai135@example.com
375,Sonal Mehta,23-04-2003,Female,Ludhiana,Punjab,9439217264,sonal.mehta956@example.com
376,Vihaan Das,28-01-1973,Female,Lucknow,Uttar Pradesh,7814435166,vihaan.das671@example.com
377,Akash Chopra,20-08-1971,Male,Howrah,West Bengal,7375219697,akash.chopra722@example.com
378,Isha Sharma,07-06-1996,Female,Kanpur,Uttar Pradesh,9641791375,isha.sharma526@example.com
379,Pooja Jaiswal,22-03-1991,Male,Ahmedabad,Gujarat,8986624149,pooja.jaiswal610@example.com
380,Ankit Chopra,16-05-1964,Male,Ahmedabad,Gujarat,7221778608,ankit.chopra126@example.com
381,Sonal Joshi,06-02-2005,Female,Agra,Uttar Pradesh,7925854143,sonal.joshi152@example.com
382,Sai Mehta,05-11-1980,Male,Thane,Maharashtra,7912245426,sai.mehta830@example.com
383,Kavya Kumar,05-12-1990,Female,Udaipur,Rajasthan,8753134247,kavya.kumar567@example.com
384,Sonal Patel,06-08-1986,Female,Jaipur,Rajasthan,7124516023,sonal.patel101@example.com
385,Sneha Jaiswal,11-02-2005,Male,Ludhiana,Punjab,9766703379,sneha.jaiswal629@example.com
386,Pooja Das,20-03-1965,Female,Siliguri,West Bengal,8141953568,pooja.das872@example.com
387,Rahul Das,17-04-1971,Female,Surat,Gujarat,7559570410,rahul.das451@example.com
388,Sonal Chatterjee,18-11-1990,Male,Karnal,Haryana,9455949950,sonal.chatterjee844@example.com
389,Akash Patel,05-04-1987,Male,Agra,Uttar Pradesh,9607132950,akash.patel65@example.com
390,Sonal Kapoor,21-07-2005,Female,Agra,Uttar Pradesh,7239273491,sonal.kapoor200@example.com
391,Ankit Reddy,10-03-1967,Female,Karnal,Haryana,8175813882,ankit.reddy175@example.com
392,Vihaan Kumar,30-09-1970,Male,Chandigarh,Punjab,9182706388,vihaan.kumar963@example.com
393,Vihaan Mishra,24-07-1986,Male,Kozhikode,Kerala,7667515405,vihaan.mishra364@example.com
394,Vivaan Malhotra,27-11-1993,Female,Jodhpur,Rajasthan,9773986879,vivaan.malhotra516@example.com
395,Kavya Iyer,23-05-1986,Male,Gurgaon,Haryana,9016468112,kavya.iyer409@example.com
396,Vivaan Chatterjee,30-03-1981,Female,Karnal,Haryana,7769624447,vivaan.chatterjee716@example.com
397,Vihaan Jaiswal,12-02-1995,Male,Siliguri,West Bengal,8463292428,vihaan.jaiswal370@example.com
398,Aarav Chatterjee,14-02-1999,Female,Udaipur,Rajasthan,8279829111,aarav.chatterjee287@example.com
399,Rahul Nath,12-04-1976,Male,Kolkata,West Bengal,7273659247,rahul.nath157@example.com
400,Priya Singh,30-01-1961,Female,Thrissur,Kerala,8517126033,priya.singh232@example.com
401,Kavya Mehta,01-09-1978,Male,Madurai,Tamil Nadu,8773673209,kavya.mehta784@example.com
402,Rahul Nath,02-03-1961,Male,Patiala,Punjab,8872085616,rahul.nath84@example.com
403,Aditi Nair,16-06-1960,Female,Salem,Tamil Nadu,7832027777,aditi.nair424@example.com
404,Aditi Verma,29-06-1979,Male,Ludhiana,Punjab,8723580196,aditi.verma240@example.com
405,Rahul Jaiswal,05-11-1975,Female,Surat,Gujarat,7512347004,rahul.jaiswal742@example.com
406,Aarav Reddy,15-01-1961,Female,Kolkata,West Bengal,7758450366,aarav.reddy191@example.com
407,Akash Gupta,01-02-1970,Female,Surat,Gujarat,7894712871,akash.gupta75@example.com
408,Akash Mehta,31-01-1983,Female,Siliguri,West Bengal,9860102699,akash.mehta971@example.com
409,Vihaan Jaiswal,12-06-1970,Female,Kota,Rajasthan,7085804228,vihaan.jaiswal206@example.com
410,Arjun Verma,02-12-1988,Male,Surat,Gujarat,8698627729,arjun.verma939@example.com
411,Ananya Kapoor,09-06-1964,Male,Vadodara,Gujarat,7787643507,ananya.kapoor642@example.com
412,Vivaan Verma,22-06-1965,Female,Vadodara,Gujarat,8050167546,vivaan.verma769@example.com
413,Sonal Joshi,04-09-1978,Male,Varanasi,Uttar Pradesh,7528215863,sonal.joshi816@example.com
414,Aditi Malhotra,30-12-1965,Female,Hubli,Karnataka,7939125354,aditi.malhotra668@example.com
415,Pooja Reddy,04-07-1979,Male,Thiruvananthapuram,Kerala,7803673555,pooja.reddy939@example.com
416,Isha Iyer,27-09-1963,Male,Pune,Maharashtra,7669170972,isha.iyer209@example.com
417,Arjun Gupta,02-07-1993,Male,Udaipur,Rajasthan,9942983179,arjun.gupta72@example.com
418,Priya Mishra,29-07-1993,Male,Bengaluru,Karnataka,8396458025,priya.mishra222@example.com
419,Vivaan Chopra,09-09-1996,Female,Rajkot,Gujarat,8786446209,vivaan.chopra123@example.com
420,Ankit Nair,09-05-1986,Female,Udaipur,Rajasthan,7396919199,ankit.nair325@example.com
421,Sneha Iyer,31-01-1997,Female,Kanpur,Uttar Pradesh,8223917516,sneha.iyer653@example.com
422,Arjun Patel,10-05-1986,Male,Kota,Rajasthan,8114184342,arjun.patel76@example.com
423,Arjun Singh,25-06-1970,Male,Kochi,Kerala,8812639173,arjun.singh167@example.com
424,Arjun Singh,13-04-1999,Female,Kochi,Kerala,8803902886,arjun.singh917@example.com
425,Akash Reddy,22-03-1994,Male,Gurgaon,Haryana,9529273337,akash.reddy529@example.com
426,Sai Mehta,15-06-2001,Male,Thiruvananthapuram,Kerala,7817390796,sai.mehta430@example.com
427,Rohit Chatterjee,04-12-1979,Male,Chennai,Tamil Nadu,9351844120,rohit.chatterjee148@example.com
428,Priya Malhotra,01-02-1967,Female,Hubli,Karnataka,9675293157,priya.malhotra394@example.com
429,Vihaan Jaiswal,05-03-1967,Male,Thiruvananthapuram,Kerala,9053392164,vihaan.jaiswal6@example.com
430,Aditi Gupta,19-04-1999,Female,Surat,Gujarat,7998631720,aditi.gupta381@example.com
431,Vihaan Malhotra,31-12-2001,Male,Pune,Maharashtra,7944990263,vihaan.malhotra822@example.com
432,Aditya Gupta,01-01-1999,Female,Jodhpur,Rajasthan,9703728894,aditya.gupta628@example.com
433,Akash Joshi,18-03-1997,Female,Faridabad,Haryana,7620527704,akash.joshi932@example.com
434,Pooja Das,21-11-2002,Female,Coimbatore,Tamil Nadu,8446587772,pooja.das808@example.com
435,Ankit Mishra,16-11-1983,Female,Kota,Rajasthan,9785268189,ankit.mishra128@example.com
436,Pooja Das,05-09-1991,Female,Mysuru,Karnataka,9377219699,pooja.das101@example.com
437,Vihaan Reddy,03-07-2001,Male,Udaipur,Rajasthan,7869242255,vihaan.reddy520@example.com
438,Sneha Iyer,11-01-1979,Male,Siliguri,West Bengal,9577924454,sneha.iyer720@example.com
439,Aditya Chatterjee,25-07-1961,Female,Nashik,Maharashtra,9069931917,aditya.chatterjee867@example.com
440,Rohit Chopra,19-11-1970,Female,Kota,Rajasthan,8341144816,rohit.chopra9@example.com
441,Sai Iyer,23-01-1996,Female,Nashik,Maharashtra,7506586787,sai.iyer535@example.com
442,Arjun Patel,09-10-1967,Male,Salem,Tamil Nadu,9140913164,arjun.patel117@example.com
443,Aarav Mehta,11-01-1989,Female,Amritsar,Punjab,7153115275,aarav.mehta296@example.com
444,Isha Nair,13-01-2000,Male,Kanpur,Uttar Pradesh,7559335031,isha.nair68@example.com
445,Priya Chopra,18-03-1962,Male,Mumbai,Maharashtra,8721760201,priya.chopra780@example.com
446,Ananya Nath,12-11-1966,Female,Darjeeling,West Bengal,7798789345,ananya.nath585@example.com
447,Sneha Kapoor,14-01-1977,Female,Kochi,Kerala,9569629107,sneha.kapoor223@example.com
448,Akash Kapoor,21-05-1998,Male,Varanasi,Uttar Pradesh,8041357299,akash.kapoor733@example.com
449,Pooja Reddy,02-03-1995,Male,Pune,Maharashtra,8191149417,pooja.reddy345@example.com
450,Sneha Chopra,17-11-1993,Female,Kolkata,West Bengal,7191390846,sneha.chopra412@example.com
451,Rahul Sharma,15-08-1981,Male,Jodhpur,Rajasthan,8500148125,rahul.sharma813@example.com
452,Aditya Sharma,23-02-1994,Female,Thrissur,Kerala,9129911117,aditya.sharma219@example.com
453,Rahul Singh,21-01-1986,Male,Thane,Maharashtra,8312983138,rahul.singh654@example.com
454,Rahul Malhotra,19-10-1975,Male,Howrah,West Bengal,9288560832,rahul.malhotra894@example.com
455,Sai Gupta,20-05-1973,Male,Agra,Uttar Pradesh,9765540252,sai.gupta637@example.com
456,Vihaan Jaiswal,24-02-2002,Male,Patiala,Punjab,9864774527,vihaan.jaiswal367@example.com
457,Ananya Desai,02-02-1970,Female,Mysuru,Karnataka,9296548400,ananya.desai537@example.com
458,Vihaan Verma,02-01-1991,Male,Chennai,Tamil Nadu,8597488886,vihaan.verma368@example.com
459,Vihaan Kapoor,09-10-1991,Female,Ahmedabad,Gujarat,9482385302,vihaan.kapoor980@example.com
460,Aditya Nath,13-11-1997,Female,Chennai,Tamil Nadu,8654463142,aditya.nath89@example.com
461,Vivaan Patel,23-05-2001,Female,Mangalore,Karnataka,9935536765,vivaan.patel930@example.com
462,Sneha Desai,14-12-1963,Female,Jaipur,Rajasthan,7784586227,sneha.desai429@example.com
463,Akash Reddy,25-01-1998,Female,Siliguri,West Bengal,8846022222,akash.reddy731@example.com
464,Vihaan Sharma,17-07-1986,Male,Udaipur,Rajasthan,7217001869,vihaan.sharma659@example.com
465,Vihaan Reddy,04-03-1996,Female,Siliguri,West Bengal,9348843805,vihaan.reddy416@example.com
466,Vivaan Kumar,29-07-1973,Female,Ahmedabad,Gujarat,7168861062,vivaan.kumar757@example.com
467,Neha Desai,31-03-1987,Male,Varanasi,Uttar Pradesh,9013172467,neha.desai384@example.com
468,Kavya Nair,10-11-2002,Female,Rajkot,Gujarat,7134670691,kavya.nair997@example.com
469,Riya Mehta,21-05-1978,Female,Kochi,Kerala,7445817092,riya.mehta263@example.com
470,Riya Chatterjee,20-08-2005,Female,Kota,Rajasthan,8928897989,riya.chatterjee315@example.com
471,Ananya Gupta,02-01-1966,Female,Amritsar,Punjab,9740174407,ananya.gupta252@example.com
472,Arjun Iyer,21-06-1999,Male,Faridabad,Haryana,9472863761,arjun.iyer270@example.com
473,Priya Joshi,15-11-1981,Female,Gurgaon,Haryana,9107182529,priya.joshi807@example.com
474,Ananya Iyer,12-02-1973,Female,Rajkot,Gujarat,7013441582,ananya.iyer122@example.com
475,Priya Joshi,24-08-1981,Male,Kanpur,Uttar Pradesh,7154759106,priya.joshi899@example.com
476,Priya Das,19-06-2000,Male,Pune,Maharashtra,7204521313,priya.das398@example.com
477,Rohit Gupta,02-05-2001,Female,Rajkot,Gujarat,9448645005,rohit.gupta750@example.com
478,Ananya Desai,05-04-1990,Male,Chandigarh,Punjab,9155373679,ananya.desai916@example.com
479,Vihaan Chopra,09-06-1978,Male,Kota,Rajasthan,7213661006,vihaan.chopra354@example.com
480,Priya Desai,10-02-1983,Female,Madurai,Tamil Nadu,7910880000,priya.desai301@example.com
481,Rohit Chatterjee,06-07-1989,Male,Thiruvananthapuram,Kerala,7044088869,rohit.chatterjee280@example.com
482,Arjun Jaiswal,09-07-2000,Female,Chennai,Tamil Nadu,7618733568,arjun.jaiswal255@example.com
483,Sonal Malhotra,13-03-1971,Female,Ludhiana,Punjab,8435990751,sonal.malhotra744@example.com
484,Ankit Gupta,22-02-2003,Male,Madurai,Tamil Nadu,7030769597,ankit.gupta647@example.com
485,Arjun Verma,29-06-1983,Female,Kolkata,West Bengal,7805001094,arjun.verma769@example.com
486,Sneha Iyer,04-06-1960,Female,Karnal,Haryana,8059017403,sneha.iyer345@example.com
487,Aditi Gupta,23-07-2005,Female,Chennai,Tamil Nadu,7508369170,aditi.gupta417@example.com
488,Ankit Chopra,16-03-1979,Male,Thane,Maharashtra,9883825257,ankit.chopra942@example.com
489,Vihaan Malhotra,07-11-2005,Male,Mangalore,Karnataka,8935924160,vihaan.malhotra33@example.com
490,Riya Singh,03-06-1983,Male,Ahmedabad,Gujarat,7872941209,riya.singh535@example.com
491,Pooja Kapoor,12-05-1998,Female,Gurgaon,Haryana,9940297518,pooja.kapoor256@example.com
492,Aarav Chatterjee,13-08-1980,Male,Agra,Uttar Pradesh,7443734974,aarav.chatterjee124@example.com
493,Ankit Malhotra,04-07-1987,Female,Udaipur,Rajasthan,8110383215,ankit.malhotra858@example.com
494,Sonal Mehta,06-02-2004,Male,Vadodara,Gujarat,9849298694,sonal.mehta747@example.com
495,Ankit Kapoor,07-12-1975,Male,Nagpur,Maharashtra,9822781158,ankit.kapoor423@example.com
496,Priya Joshi,01-11-1968,Female,Ahmedabad,Gujarat,8652382529,priya.joshi473@example.com
497,Aditi Singh,16-03-1981,Male,Ludhiana,Punjab,9749093864,aditi.singh776@example.com
498,Aarav Patel,28-05-1977,Male,Patiala,Punjab,8139758406,aarav.patel800@example.com
499,Sai Mehta,27-06-1997,Male,Thane,Maharashtra,9511010020,sai.mehta542@example.com
500,Priya Nair,26-01-2005,Male,Thane,Maharashtra,9304784772,priya.nair160@example.com
501,Aarav Chatterjee,09-10-1996,Male,Chennai,Tamil Nadu,9908965946,aarav.chatterjee712@example.com
502,Pooja Patel,19-12-1992,Female,Nashik,Maharashtra,7933516694,pooja.patel798@example.com
503,Rahul Verma,19-11-2003,Female,Kochi,Kerala,9581233914,rahul.verma953@example.com
504,Isha Sharma,19-03-1985,Male,Kozhikode,Kerala,7323483265,isha.sharma392@example.com
505,Ananya Iyer,31-12-1996,Female,Nagpur,Maharashtra,7030704116,ananya.iyer888@example.com
506,Arjun Patel,23-07-1978,Female,Panipat,Haryana,7372909948,arjun.patel332@example.com
507,Sai Desai,12-09-1999,Female,Hubli,Karnataka,7231013345,sai.desai624@example.com
508,Arjun Nair,20-02-1985,Male,Jodhpur,Rajasthan,8606209775,arjun.nair277@example.com
509,Isha Das,15-08-1970,Male,Amritsar,Punjab,9911226141,isha.das363@example.com
510,Kavya Singh,08-06-1974,Female,Bengaluru,Karnataka,7167996612,kavya.singh422@example.com
511,Sai Nath,31-05-1966,Female,Panipat,Haryana,7186126161,sai.nath801@example.com
512,Rohit Das,13-03-1994,Female,Thane,Maharashtra,7366187752,rohit.das462@example.com
513,Pooja Gupta,31-05-1964,Male,Thrissur,Kerala,9092472925,pooja.gupta971@example.com
514,Riya Mishra,08-10-1963,Female,Noida,Uttar Pradesh,8629592295,riya.mishra117@example.com
515,Sneha Gupta,29-01-1977,Male,Darjeeling,West Bengal,8376476144,sneha.gupta212@example.com
516,Aarav Kapoor,07-10-1983,Female,Howrah,West Bengal,7099206071,aarav.kapoor600@example.com
517,Pooja Reddy,12-10-1978,Male,Thrissur,Kerala,7708579626,pooja.reddy835@example.com
518,Rahul Reddy,16-08-2004,Male,Madurai,Tamil Nadu,9638297434,rahul.reddy38@example.com
519,Riya Desai,27-12-1968,Male,Udaipur,Rajasthan,8414082021,riya.desai621@example.com
520,Ananya Desai,03-02-1979,Female,Amritsar,Punjab,9084626569,ananya.desai824@example.com
521,Akash Malhotra,26-09-1983,Male,Chennai,Tamil Nadu,9412832288,akash.malhotra945@example.com
522,Pooja Jaiswal,30-06-1981,Male,Chennai,Tamil Nadu,8179484555,pooja.jaiswal587@example.com
523,Vivaan Chopra,02-02-1983,Female,Pune,Maharashtra,8164686673,vivaan.chopra11@example.com
524,Priya Jaiswal,27-03-1964,Female,Mumbai,Maharashtra,9318124739,priya.jaiswal891@example.com
525,Riya Kapoor,21-01-1985,Male,Surat,Gujarat,8073301824,riya.kapoor348@example.com
526,Neha Iyer,26-12-1960,Female,Jaipur,Rajasthan,7783190284,neha.iyer599@example.com
527,Riya Gupta,26-05-1963,Female,Nagpur,Maharashtra,9664190934,riya.gupta40@example.com
528,Sonal Verma,27-05-2001,Female,Mangalore,Karnataka,8985006796,sonal.verma20@example.com
529,Aditya Kumar,13-12-2003,Female,Pune,Maharashtra,8209528308,aditya.kumar643@example.com
530,Rohit Chatterjee,08-05-1984,Male,Thrissur,Kerala,7073829274,rohit.chatterjee863@example.com
531,Rohit Chatterjee,12-10-1997,Male,Kochi,Kerala,8839925199,rohit.chatterjee524@example.com
532,Sonal Mishra,15-01-1962,Male,Amritsar,Punjab,8169015676,sonal.mishra583@example.com
533,Ananya Nair,15-05-1967,Female,Hubli,Karnataka,7302655410,ananya.nair230@example.com
534,Sai Nath,21-04-1999,Male,Mangalore,Karnataka,8428315750,sai.nath591@example.com
535,Sonal Desai,30-01-1999,Female,Jaipur,Rajasthan,7542655460,sonal.desai661@example.com
536,Sonal Mehta,10-10-1972,Female,Madurai,Tamil Nadu,7381274485,sonal.mehta544@example.com
537,Vivaan Nath,12-06-1988,Female,Kolkata,West Bengal,8607386966,vivaan.nath576@example.com
538,Sneha Iyer,11-05-2005,Male,Kochi,Kerala,9106828514,sneha.iyer81@example.com
539,Neha Reddy,23-08-1992,Female,Kozhikode,Kerala,7758407394,neha.reddy265@example.com
540,Aditi Jaiswal,25-07-1967,Male,Ahmedabad,Gujarat,8923803424,aditi.jaiswal839@example.com
541,Pooja Mishra,18-12-2001,Male,Lucknow,Uttar Pradesh,7316220676,pooja.mishra719@example.com
542,Sonal Patel,10-11-1983,Male,Patiala,Punjab,9282985571,sonal.patel98@example.com
543,Ankit Nath,16-11-1970,Male,Chennai,Tamil Nadu,9090147619,ankit.nath243@example.com
544,Sonal Verma,15-06-1994,Female,Agra,Uttar Pradesh,7467239527,sonal.verma273@example.com
545,Rahul Nair,14-11-1987,Female,Kota,Rajasthan,7007009833,rahul.nair526@example.com
546,Aditi Chopra,23-03-2005,Female,Madurai,Tamil Nadu,8658475467,aditi.chopra348@example.com
547,Aditya Kumar,18-04-1988,Female,Howrah,West Bengal,8633465682,aditya.kumar512@example.com
548,Aditya Reddy,25-12-1983,Male,Karnal,Haryana,8079592865,aditya.reddy155@example.com
549,Aditya Nair,23-02-1983,Female,Pune,Maharashtra,7993893248,aditya.nair540@example.com
550,Aditi Iyer,28-10-1995,Male,Jodhpur,Rajasthan,8579333416,aditi.iyer302@example.com
551,Aarav Nair,11-03-1966,Male,Madurai,Tamil Nadu,7624862792,aarav.nair407@example.com
552,Priya Desai,12-12-1983,Female,Ahmedabad,Gujarat,7095589122,priya.desai665@example.com
553,Aditi Gupta,11-03-1980,Female,Nagpur,Maharashtra,9590491003,aditi.gupta344@example.com
554,Aditya Sharma,22-04-2005,Female,Mumbai,Maharashtra,8456436453,aditya.sharma491@example.com
555,Ankit Singh,08-11-1973,Male,Siliguri,West Bengal,7676256390,ankit.singh977@example.com
556,Aarav Patel,09-08-1985,Male,Karnal,Haryana,8221738345,aarav.patel128@example.com
557,Akash Jaiswal,08-02-2003,Female,Thane,Maharashtra,9961462938,akash.jaiswal385@example.com
558,Riya Sharma,26-01-1986,Male,Mumbai,Maharashtra,7475574593,riya.sharma957@example.com
559,Aarav Das,13-10-1977,Female,Rajkot,Gujarat,7682667361,aarav.das367@example.com
560,Arjun Chatterjee,28-01-1969,Male,Mysuru,Karnataka,7783584708,arjun.chatterjee234@example.com
561,Ananya Chatterjee,29-11-1963,Female,Mysuru,Karnataka,7174879486,ananya.chatterjee560@example.com
562,Ankit Singh,16-09-1960,Female,Thrissur,Kerala,9525882274,ankit.singh619@example.com
563,Vivaan Sharma,12-05-1991,Female,Kanpur,Uttar Pradesh,9227399120,vivaan.sharma58@example.com
564,Vihaan Nath,05-02-1996,Female,Jodhpur,Rajasthan,7566103048,vihaan.nath180@example.com
565,Riya Singh,27-11-1980,Male,Faridabad,Haryana,8144422939,riya.singh12@example.com
566,Aditi Sharma,25-04-1983,Female,Kota,Rajasthan,9395355866,aditi.sharma817@example.com
567,Pooja Jaiswal,23-05-1973,Male,Varanasi,Uttar Pradesh,7943428659,pooja.jaiswal85@example.com
568,Arjun Reddy,29-10-1974,Female,Bengaluru,Karnataka,7640831581,arjun.reddy390@example.com
569,Rohit Sharma,25-11-1966,Female,Rajkot,Gujarat,7196880925,rohit.sharma468@example.com
570,Sneha Sharma,01-05-1989,Male,Ludhiana,Punjab,9142229782,sneha.sharma681@example.com
571,Sonal Chopra,12-06-1977,Female,Kochi,Kerala,7471232715,sonal.chopra873@example.com
572,Sneha Das,25-08-1977,Female,Kochi,Kerala,8566926821,sneha.das686@example.com
573,Rohit Singh,26-09-1990,Male,Hubli,Karnataka,7015898399,rohit.singh413@example.com
574,Sneha Chatterjee,31-12-2004,Male,Nagpur,Maharashtra,7730011613,sneha.chatterjee842@example.com
575,Sonal Kapoor,18-04-1997,Male,Jaipur,Rajasthan,8223129183,sonal.kapoor788@example.com
576,Vivaan Malhotra,01-03-2001,Male,Panipat,Haryana,9486141803,vivaan.malhotra380@example.com
577,Riya Jaiswal,20-01-1967,Male,Patiala,Punjab,7518224336,riya.jaiswal725@example.com
578,Rahul Malhotra,16-03-1968,Female,Udaipur,Rajasthan,8403210805,rahul.malhotra464@example.com
579,Ankit Chatterjee,23-11-1990,Female,Agra,Uttar Pradesh,7115098620,ankit.chatterjee122@example.com
580,Sai Verma,14-03-1983,Female,Panipat,Haryana,9196190421,sai.verma287@example.com
581,Aditi Kapoor,10-03-1960,Female,Bengaluru,Karnataka,9736552682,aditi.kapoor574@example.com
582,Aarav Mishra,04-04-1962,Female,Jodhpur,Rajasthan,9047193250,aarav.mishra525@example.com
583,Vivaan Gupta,18-01-1998,Male,Amritsar,Punjab,8691880953,vivaan.gupta713@example.com
584,Isha Verma,09-12-2004,Female,Howrah,West Bengal,7131396154,isha.verma7@example.com
585,Sai Nair,31-07-1977,Male,Chennai,Tamil Nadu,8860933571,sai.nair380@example.com
586,Vivaan Nath,08-06-1995,Male,Varanasi,Uttar Pradesh,8367311137,vivaan.nath689@example.com
587,Vihaan Reddy,01-07-1993,Female,Udaipur,Rajasthan,8881949786,vihaan.reddy636@example.com
588,Akash Chatterjee,10-02-1991,Female,Varanasi,Uttar Pradesh,9650104934,akash.chatterjee633@example.com
589,Ankit Kapoor,25-07-1976,Female,Lucknow,Uttar Pradesh,9886099933,ankit.kapoor824@example.com
590,Sonal Desai,10-08-1963,Female,Rajkot,Gujarat,7492244170,sonal.desai985@example.com
591,Aditya Chopra,13-06-1965,Male,Mysuru,Karnataka,9345311818,aditya.chopra144@example.com
592,Riya Mishra,12-11-1987,Male,Jodhpur,Rajasthan,8728909785,riya.mishra277@example.com
593,Kavya Iyer,10-06-1972,Male,Varanasi,Uttar Pradesh,7095594813,kavya.iyer564@example.com
594,Ankit Patel,10-06-1982,Female,Darjeeling,West Bengal,8302678696,ankit.patel653@example.com
595,Rohit Patel,13-12-1963,Female,Varanasi,Uttar Pradesh,7935979728,rohit.patel170@example.com
596,Sneha Jaiswal,19-12-1997,Male,Kota,Rajasthan,9353088925,sneha.jaiswal176@example.com
597,Neha Nath,15-03-1978,Male,Darjeeling,West Bengal,9679983066,neha.nath451@example.com
598,Isha Verma,07-07-1974,Female,Kozhikode,Kerala,7902403911,isha.verma715@example.com
599,Vivaan Kapoor,15-06-1976,Female,Hubli,Karnataka,7984997440,vivaan.kapoor722@example.com
600,Priya Nair,15-12-1996,Female,Jodhpur,Rajasthan,8046381016,priya.nair735@example.com
601,Sonal Kumar,10-06-1986,Male,Thane,Maharashtra,8248884593,sonal.kumar839@example.com
602,Riya Jaiswal,02-07-1984,Male,Noida,Uttar Pradesh,7794636911,riya.jaiswal634@example.com
603,Rohit Jaiswal,10-02-1988,Female,Patiala,Punjab,7412358209,rohit.jaiswal893@example.com
604,Sai Kumar,23-02-1964,Male,Thrissur,Kerala,8076257781,sai.kumar277@example.com
605,Kavya Nath,20-12-1974,Male,Nashik,Maharashtra,7017092375,kavya.nath39@example.com
606,Aditi Mehta,11-10-2004,Male,Jaipur,Rajasthan,9465037875,aditi.mehta863@example.com
607,Sai Kapoor,10-10-1985,Female,Jodhpur,Rajasthan,7933357303,sai.kapoor833@example.com
608,Aarav Iyer,07-07-1975,Female,Salem,Tamil Nadu,9254577454,aarav.iyer99@example.com
609,Aditi Malhotra,25-05-1989,Female,Faridabad,Haryana,9030840454,aditi.malhotra491@example.com
610,Aarav Patel,05-07-1997,Male,Mumbai,Maharashtra,8340679966,aarav.patel946@example.com
611,Sai Nath,19-04-1999,Female,Rajkot,Gujarat,9256254470,sai.nath320@example.com
612,Riya Nath,23-04-1967,Male,Jodhpur,Rajasthan,9266706901,riya.nath62@example.com
613,Aarav Sharma,15-08-1975,Female,Kozhikode,Kerala,8717603470,aarav.sharma446@example.com
614,Priya Verma,16-09-1965,Female,Howrah,West Bengal,9527250038,priya.verma680@example.com
615,Pooja Malhotra,15-05-1995,Male,Kozhikode,Kerala,8230158095,pooja.malhotra921@example.com
616,Isha Singh,17-05-1970,Male,Bengaluru,Karnataka,7722082244,isha.singh992@example.com
617,Isha Das,23-12-1970,Male,Kochi,Kerala,8714817777,isha.das628@example.com
618,Sneha Chatterjee,11-12-1963,Female,Nagpur,Maharashtra,9148156807,sneha.chatterjee686@example.com
619,Pooja Gupta,05-06-1989,Female,Mumbai,Maharashtra,9631335825,pooja.gupta30@example.com
620,Sonal Sharma,03-06-1979,Female,Amritsar,Punjab,8647234112,sonal.sharma250@example.com
621,Rahul Mehta,30-10-1973,Female,Agra,Uttar Pradesh,8763534575,rahul.mehta812@example.com
622,Aditya Kapoor,14-03-1997,Female,Patiala,Punjab,7742711341,aditya.kapoor877@example.com
623,Aditya Singh,27-06-1968,Female,Kota,Rajasthan,7733696439,aditya.singh23@example.com
624,Riya Nath,16-04-1985,Female,Noida,Uttar Pradesh,9444853601,riya.nath326@example.com
625,Ananya Kapoor,19-07-1993,Female,Kolkata,West Bengal,9425137204,ananya.kapoor442@example.com
626,Priya Kumar,03-10-1993,Male,Jaipur,Rajasthan,8214283765,priya.kumar235@example.com
627,Sonal Iyer,12-07-1961,Female,Ludhiana,Punjab,8420631522,sonal.iyer781@example.com
628,Ananya Nair,07-01-2000,Male,Kolkata,West Bengal,8006341961,ananya.nair710@example.com
629,Rahul Nath,13-11-1991,Female,Mangalore,Karnataka,8604676729,rahul.nath658@example.com
630,Sai Chatterjee,17-06-1963,Female,Vadodara,Gujarat,7614404948,sai.chatterjee454@example.com
631,Neha Das,28-05-2002,Male,Thane,Maharashtra,7420682332,neha.das776@example.com
632,Vihaan Malhotra,29-06-2003,Male,Ludhiana,Punjab,7336641201,vihaan.malhotra229@example.com
633,Isha Verma,30-11-1963,Female,Patiala,Punjab,9805303590,isha.verma557@example.com
634,Aditi Chatterjee,22-10-1968,Male,Mysuru,Karnataka,9018988468,aditi.chatterjee799@example.com
635,Sai Nath,18-06-1998,Female,Patiala,Punjab,9719515056,sai.nath216@example.com
636,Sonal Kapoor,27-06-1961,Male,Panipat,Haryana,9147538809,sonal.kapoor662@example.com
637,Rahul Chopra,30-01-1976,Female,Nashik,Maharashtra,8769867544,rahul.chopra49@example.com
638,Ankit Mehta,02-02-2003,Male,Kozhikode,Kerala,9404160990,ankit.mehta699@example.com
639,Kavya Chatterjee,09-03-1977,Male,Ahmedabad,Gujarat,7179008613,kavya.chatterjee128@example.com
640,Sai Reddy,25-01-1999,Female,Howrah,West Bengal,7976107280,sai.reddy699@example.com
641,Sonal Chopra,22-05-1993,Male,Kolkata,West Bengal,9731110764,sonal.chopra612@example.com
642,Sneha Jaiswal,13-02-1980,Male,Amritsar,Punjab,7283589037,sneha.jaiswal901@example.com
643,Arjun Reddy,21-06-1977,Female,Ahmedabad,Gujarat,8257219401,arjun.reddy546@example.com
644,Arjun Jaiswal,29-11-1966,Female,Karnal,Haryana,8866521106,arjun.jaiswal776@example.com
645,Ananya Jaiswal,30-06-1986,Male,Ahmedabad,Gujarat,7786551137,ananya.jaiswal174@example.com
646,Aarav Malhotra,13-08-1983,Male,Nashik,Maharashtra,7943367267,aarav.malhotra577@example.com
647,Sneha Sharma,20-06-2002,Female,Surat,Gujarat,8867701173,sneha.sharma894@example.com
648,Kavya Mishra,06-05-1961,Female,Faridabad,Haryana,8275104667,kavya.mishra41@example.com
649,Sai Reddy,11-05-1985,Male,Salem,Tamil Nadu,7513990821,sai.reddy890@example.com
650,Aditi Chatterjee,12-10-1977,Male,Mysuru,Karnataka,7291336390,aditi.chatterjee19@example.com
651,Priya Das,24-09-1980,Female,Nagpur,Maharashtra,8119705044,priya.das585@example.com
652,Riya Reddy,27-06-2003,Female,Udaipur,Rajasthan,8059126137,riya.reddy880@example.com
653,Arjun Desai,21-04-1990,Male,Darjeeling,West Bengal,7187516675,arjun.desai683@example.com
654,Sonal Kumar,03-02-1977,Female,Hubli,Karnataka,9399682073,sonal.kumar967@example.com
655,Arjun Gupta,07-05-1975,Female,Panipat,Haryana,8562423307,arjun.gupta955@example.com
656,Aditi Iyer,04-03-1990,Female,Hubli,Karnataka,7434165643,aditi.iyer687@example.com
657,Sai Nath,07-09-1982,Female,Kozhikode,Kerala,9126175299,sai.nath77@example.com
658,Isha Kapoor,16-04-1981,Male,Chennai,Tamil Nadu,8953300586,isha.kapoor975@example.com
659,Isha Mehta,02-06-1992,Female,Patiala,Punjab,7311907716,isha.mehta245@example.com
660,Rahul Mehta,12-09-1967,Male,Udaipur,Rajasthan,9288368864,rahul.mehta609@example.com
661,Rohit Mishra,31-03-1975,Male,Rajkot,Gujarat,7293358841,rohit.mishra467@example.com
662,Riya Chatterjee,23-04-2004,Male,Amritsar,Punjab,7568409405,riya.chatterjee773@example.com
663,Sonal Mishra,22-09-1967,Female,Jodhpur,Rajasthan,8742468081,sonal.mishra860@example.com
664,Aditya Reddy,11-07-1964,Male,Mumbai,Maharashtra,8781333831,aditya.reddy897@example.com
665,Aditi Nair,19-01-2000,Male,Jodhpur,Rajasthan,8420003964,aditi.nair150@example.com
666,Rahul Malhotra,01-08-2001,Male,Amritsar,Punjab,8422510330,rahul.malhotra235@example.com
667,Kavya Malhotra,04-01-1961,Female,Kanpur,Uttar Pradesh,7709528650,kavya.malhotra541@example.com
668,Kavya Kapoor,26-07-1974,Female,Salem,Tamil Nadu,8679658451,kavya.kapoor619@example.com
669,Kavya Verma,19-11-1986,Female,Udaipur,Rajasthan,8933027299,kavya.verma345@example.com
670,Rahul Chopra,13-10-1995,Female,Bengaluru,Karnataka,7075764110,rahul.chopra934@example.com
671,Sonal Chatterjee,06-01-1977,Male,Kolkata,West Bengal,7874890340,sonal.chatterjee617@example.com
672,Kavya Gupta,20-05-1992,Male,Siliguri,West Bengal,9472083407,kavya.gupta213@example.com
673,Isha Joshi,28-04-2005,Female,Gurgaon,Haryana,7266233223,isha.joshi101@example.com
674,Riya Chatterjee,27-09-1986,Male,Chennai,Tamil Nadu,7785966334,riya.chatterjee355@example.com
675,Aditi Mehta,30-03-1967,Male,Thrissur,Kerala,8340725115,aditi.mehta937@example.com
676,Neha Iyer,01-01-1991,Male,Mangalore,Karnataka,8540626689,neha.iyer311@example.com
677,Kavya Chatterjee,31-07-1979,Male,Karnal,Haryana,7277017195,kavya.chatterjee178@example.com
678,Aarav Nath,15-05-2003,Female,Karnal,Haryana,9020859068,aarav.nath656@example.com
679,Kavya Kumar,01-06-1992,Male,Karnal,Haryana,9540230477,kavya.kumar415@example.com
680,Ananya Mishra,07-12-1996,Male,Udaipur,Rajasthan,7285133886,ananya.mishra968@example.com
681,Sonal Sharma,06-12-1967,Female,Kochi,Kerala,8815425483,sonal.sharma568@example.com
682,Sonal Mehta,30-01-1967,Female,Karnal,Haryana,8239740867,sonal.mehta988@example.com
683,Vihaan Patel,08-11-2005,Female,Varanasi,Uttar Pradesh,8946501929,vihaan.patel965@example.com
684,Sonal Jaiswal,23-12-1996,Female,Ahmedabad,Gujarat,8609365551,sonal.jaiswal399@example.com
685,Sonal Sharma,20-10-1977,Male,Rajkot,Gujarat,7642286179,sonal.sharma152@example.com
686,Aditya Gupta,12-06-2001,Female,Darjeeling,West Bengal,9088459093,aditya.gupta777@example.com
687,Kavya Mehta,05-11-1960,Male,Bengaluru,Karnataka,9468657363,kavya.mehta308@example.com
688,Isha Verma,29-10-2003,Female,Amritsar,Punjab,9376259563,isha.verma172@example.com
689,Riya Reddy,27-10-1972,Male,Varanasi,Uttar Pradesh,7322156160,riya.reddy358@example.com
690,Aarav Das,26-08-1993,Male,Amritsar,Punjab,9462058394,aarav.das542@example.com
691,Riya Iyer,20-10-1975,Male,Madurai,Tamil Nadu,7507738487,riya.iyer621@example.com
692,Vihaan Nath,14-05-2005,Female,Thiruvananthapuram,Kerala,7520353791,vihaan.nath374@example.com
693,Aarav Joshi,31-01-1991,Female,Agra,Uttar Pradesh,8356160287,aarav.joshi663@example.com
694,Ankit Singh,22-07-1990,Male,Mangalore,Karnataka,9371720041,ankit.singh611@example.com
695,Sneha Jaiswal,05-01-1966,Female,Vadodara,Gujarat,8974234246,sneha.jaiswal202@example.com
696,Aarav Mishra,01-11-1983,Male,Siliguri,West Bengal,9931566742,aarav.mishra520@example.com
697,Neha Mehta,29-03-1991,Female,Surat,Gujarat,7267288172,neha.mehta591@example.com
698,Neha Das,25-05-1975,Male,Thrissur,Kerala,9126153661,neha.das815@example.com
699,Vivaan Singh,01-01-2000,Female,Kolkata,West Bengal,9612120728,vivaan.singh59@example.com
700,Vivaan Malhotra,01-01-1979,Female,Surat,Gujarat,8495884021,vivaan.malhotra551@example.com
701,Sonal Malhotra,16-02-1981,Male,Karnal,Haryana,9972224847,sonal.malhotra445@example.com
702,Aditya Kapoor,27-09-1995,Male,Kanpur,Uttar Pradesh,9090965133,aditya.kapoor814@example.com
703,Rohit Mehta,08-01-1994,Female,Pune,Maharashtra,7081696153,rohit.mehta535@example.com
704,Ananya Mehta,22-03-1991,Female,Howrah,West Bengal,7206766634,ananya.mehta565@example.com
705,Neha Iyer,29-07-1978,Female,Varanasi,Uttar Pradesh,8514958107,neha.iyer395@example.com
706,Pooja Chopra,22-10-1970,Female,Kota,Rajasthan,7698391509,pooja.chopra855@example.com
707,Neha Nath,02-12-2002,Female,Kozhikode,Kerala,7525287657,neha.nath964@example.com
708,Akash Verma,09-03-1972,Male,Kolkata,West Bengal,8968784243,akash.verma74@example.com
709,Priya Reddy,20-10-1994,Female,Nagpur,Maharashtra,7676443523,priya.reddy857@example.com
710,Aditi Kumar,03-07-2000,Female,Lucknow,Uttar Pradesh,8524662935,aditi.kumar179@example.com
711,Sai Joshi,10-06-1973,Female,Mysuru,Karnataka,7108508834,sai.joshi504@example.com
712,Isha Sharma,17-07-1991,Female,Howrah,West Bengal,9048051480,isha.sharma816@example.com
713,Pooja Patel,03-03-1999,Female,Kochi,Kerala,7031683394,pooja.patel128@example.com
714,Akash Desai,03-03-1964,Male,Kochi,Kerala,7213190989,akash.desai133@example.com
715,Arjun Sharma,16-04-1970,Male,Mumbai,Maharashtra,8030957848,arjun.sharma931@example.com
716,Riya Joshi,23-06-1966,Female,Mumbai,Maharashtra,8615341569,riya.joshi447@example.com
717,Priya Kumar,07-04-1966,Male,Varanasi,Uttar Pradesh,7975470350,priya.kumar836@example.com
718,Sonal Das,21-02-1963,Female,Darjeeling,West Bengal,7360422390,sonal.das13@example.com
719,Sonal Chopra,11-05-1965,Male,Lucknow,Uttar Pradesh,8838428720,sonal.chopra181@example.com
720,Vihaan Verma,26-12-1980,Female,Noida,Uttar Pradesh,8025814395,vihaan.verma457@example.com
721,Sneha Chopra,17-09-2001,Female,Vadodara,Gujarat,9904393916,sneha.chopra193@example.com
722,Riya Chopra,09-04-1976,Male,Ludhiana,Punjab,7663153941,riya.chopra242@example.com
723,Aditi Das,08-05-2000,Female,Bengaluru,Karnataka,7819840712,aditi.das501@example.com
724,Arjun Kapoor,05-09-1971,Male,Panipat,Haryana,9589273214,arjun.kapoor96@example.com
725,Ankit Mishra,15-04-1988,Female,Nagpur,Maharashtra,9285846949,ankit.mishra794@example.com
726,Aditya Joshi,06-01-2004,Female,Faridabad,Haryana,9807094514,aditya.joshi666@example.com
727,Ankit Chatterjee,04-04-2000,Male,Karnal,Haryana,7200165468,ankit.chatterjee324@example.com
728,Arjun Gupta,10-05-1980,Male,Thrissur,Kerala,9624589153,arjun.gupta755@example.com
729,Priya Jaiswal,29-12-1973,Male,Thane,Maharashtra,9579752118,priya.jaiswal441@example.com
730,Sneha Nair,20-07-1994,Female,Howrah,West Bengal,9885841538,sneha.nair887@example.com
731,Isha Mishra,28-03-1997,Male,Kochi,Kerala,8893082373,isha.mishra68@example.com
732,Ananya Malhotra,09-02-1962,Male,Thrissur,Kerala,8774518300,ananya.malhotra678@example.com
733,Aditi Malhotra,04-10-1978,Female,Panipat,Haryana,8898981468,aditi.malhotra761@example.com
734,Ankit Nath,24-04-2001,Male,Kota,Rajasthan,8469179120,ankit.nath499@example.com
735,Pooja Nair,03-11-1989,Male,Salem,Tamil Nadu,7268695311,pooja.nair222@example.com
736,Arjun Mehta,03-05-1974,Male,Chandigarh,Punjab,8271463234,arjun.mehta752@example.com
737,Priya Chatterjee,14-07-1963,Male,Jaipur,Rajasthan,8942555608,priya.chatterjee792@example.com
738,Aditi Verma,15-04-1984,Female,Gurgaon,Haryana,7609427288,aditi.verma851@example.com
739,Akash Mishra,21-11-1982,Female,Nagpur,Maharashtra,8445266915,akash.mishra670@example.com
740,Aditi Chopra,01-06-1964,Male,Mysuru,Karnataka,9723728605,aditi.chopra601@example.com
741,Priya Gupta,10-12-1991,Female,Udaipur,Rajasthan,7701529375,priya.gupta470@example.com
742,Sneha Iyer,09-02-2002,Male,Agra,Uttar Pradesh,8352096997,sneha.iyer845@example.com
743,Sai Reddy,09-09-1996,Male,Rajkot,Gujarat,8855226978,sai.reddy458@example.com
744,Ananya Kapoor,10-03-1994,Male,Howrah,West Bengal,7276507141,ananya.kapoor865@example.com
745,Ananya Iyer,01-09-1962,Female,Rajkot,Gujarat,8110266625,ananya.iyer119@example.com
746,Vivaan Verma,03-12-1970,Male,Bengaluru,Karnataka,9634850474,vivaan.verma805@example.com
747,Ananya Das,03-02-1966,Male,Surat,Gujarat,7084825740,ananya.das78@example.com
748,Rohit Verma,13-12-1963,Male,Patiala,Punjab,7328497998,rohit.verma639@example.com
749,Sai Das,20-01-2003,Male,Noida,Uttar Pradesh,8534810490,sai.das517@example.com
750,Akash Jaiswal,29-04-1962,Female,Nashik,Maharashtra,8336513660,akash.jaiswal890@example.com
751,Sai Joshi,05-02-1960,Male,Jodhpur,Rajasthan,8171630015,sai.joshi361@example.com
752,Riya Joshi,19-11-1972,Female,Patiala,Punjab,7991808831,riya.joshi278@example.com
753,Sonal Nair,19-02-1986,Female,Udaipur,Rajasthan,9629386768,sonal.nair312@example.com
754,Pooja Nair,17-03-1986,Female,Varanasi,Uttar Pradesh,7857131923,pooja.nair687@example.com
755,Riya Reddy,18-09-1993,Male,Bengaluru,Karnataka,7344965258,riya.reddy567@example.com
756,Kavya Mehta,20-01-1984,Female,Chandigarh,Punjab,7182283308,kavya.mehta540@example.com
757,Arjun Gupta,20-12-1975,Female,Howrah,West Bengal,9010300439,arjun.gupta896@example.com
758,Vivaan Jaiswal,28-10-1998,Male,Ludhiana,Punjab,9891473978,vivaan.jaiswal992@example.com
759,Isha Joshi,04-02-1987,Female,Agra,Uttar Pradesh,8181005699,isha.joshi851@example.com
760,Sai Gupta,06-07-1971,Female,Rajkot,Gujarat,9941575085,sai.gupta799@example.com
761,Ananya Kapoor,01-03-2002,Male,Thane,Maharashtra,7328639060,ananya.kapoor697@example.com
762,Vihaan Kapoor,16-11-1964,Female,Mangalore,Karnataka,8365385152,vihaan.kapoor767@example.com
763,Sai Malhotra,18-01-2005,Female,Surat,Gujarat,8963946744,sai.malhotra739@example.com
764,Priya Reddy,24-04-1965,Female,Thiruvananthapuram,Kerala,8442162534,priya.reddy852@example.com
765,Kavya Desai,05-01-1960,Male,Chandigarh,Punjab,7256320935,kavya.desai349@example.com
766,Priya Sharma,18-02-1976,Female,Panipat,Haryana,8445502578,priya.sharma325@example.com
767,Priya Iyer,13-12-1991,Male,Kolkata,West Bengal,9734808274,priya.iyer194@example.com
768,Vihaan Gupta,24-03-1967,Male,Vadodara,Gujarat,8983275492,vihaan.gupta448@example.com
769,Rohit Verma,17-10-1995,Male,Madurai,Tamil Nadu,7888469747,rohit.verma503@example.com
770,Sonal Nair,24-03-1985,Female,Kochi,Kerala,8887325823,sonal.nair184@example.com
771,Vivaan Desai,09-11-1983,Male,Chandigarh,Punjab,7309833893,vivaan.desai67@example.com
772,Ananya Mehta,31-10-1986,Male,Karnal,Haryana,8044689104,ananya.mehta27@example.com
773,Isha Jaiswal,28-07-1978,Male,Agra,Uttar Pradesh,8479788207,isha.jaiswal970@example.com
774,Sneha Chatterjee,04-06-1995,Male,Chandigarh,Punjab,7219068388,sneha.chatterjee744@example.com
775,Sai Chatterjee,16-12-1983,Male,Kota,Rajasthan,9209088952,sai.chatterjee598@example.com
776,Sneha Chopra,08-11-1982,Male,Lucknow,Uttar Pradesh,9578578494,sneha.chopra960@example.com
777,Isha Reddy,21-10-1960,Female,Noida,Uttar Pradesh,9794412024,isha.reddy908@example.com
778,Sonal Chatterjee,17-01-1985,Female,Faridabad,Haryana,9974387467,sonal.chatterjee281@example.com
779,Aditya Chopra,26-08-1997,Male,Varanasi,Uttar Pradesh,7231991110,aditya.chopra157@example.com
780,Rohit Chatterjee,10-09-2002,Female,Surat,Gujarat,9675557787,rohit.chatterjee898@example.com
781,Rahul Iyer,16-10-1964,Female,Gurgaon,Haryana,8662548931,rahul.iyer434@example.com
782,Neha Mehta,03-02-1965,Female,Thiruvananthapuram,Kerala,9207856126,neha.mehta914@example.com
783,Ananya Mehta,14-07-1963,Female,Noida,Uttar Pradesh,9214957371,ananya.mehta497@example.com
784,Aditi Singh,05-09-1972,Male,Siliguri,West Bengal,9484684861,aditi.singh209@example.com
785,Pooja Mehta,01-08-1981,Male,Kozhikode,Kerala,8822720243,pooja.mehta978@example.com
786,Pooja Nair,03-03-1964,Male,Darjeeling,West Bengal,7560682539,pooja.nair290@example.com
787,Arjun Malhotra,17-02-1987,Male,Ludhiana,Punjab,7437735617,arjun.malhotra463@example.com
788,Vivaan Chopra,18-11-1969,Female,Gurgaon,Haryana,8307406020,vivaan.chopra611@example.com
789,Riya Desai,29-06-1993,Male,Faridabad,Haryana,7007612262,riya.desai636@example.com
790,Sonal Kapoor,07-06-1967,Female,Coimbatore,Tamil Nadu,7503882360,sonal.kapoor769@example.com
791,Kavya Joshi,10-02-1963,Male,Darjeeling,West Bengal,9774357240,kavya.joshi632@example.com
792,Rohit Chatterjee,06-10-1979,Male,Mysuru,Karnataka,7387343833,rohit.chatterjee653@example.com
793,Vihaan Jaiswal,26-07-1984,Male,Howrah,West Bengal,7579507532,vihaan.jaiswal494@example.com
794,Kavya Patel,15-09-1974,Female,Kanpur,Uttar Pradesh,9385962254,kavya.patel853@example.com
795,Vivaan Das,06-01-1970,Female,Nagpur,Maharashtra,8613821582,vivaan.das150@example.com
796,Aditya Chatterjee,18-11-1967,Male,Darjeeling,West Bengal,9652274534,aditya.chatterjee988@example.com
797,Sneha Mehta,19-01-1965,Female,Mumbai,Maharashtra,7343404147,sneha.mehta223@example.com
798,Vihaan Singh,17-05-1973,Female,Kochi,Kerala,8109680260,vihaan.singh840@example.com
799,Pooja Joshi,06-03-1989,Male,Siliguri,West Bengal,8659298191,pooja.joshi159@example.com
800,Rahul Reddy,14-08-1966,Male,Howrah,West Bengal,7542600160,rahul.reddy747@example.com
801,Neha Nair,24-01-1965,Male,Kolkata,West Bengal,8656719757,neha.nair189@example.com
802,Vivaan Patel,21-07-1964,Female,Pune,Maharashtra,9409051715,vivaan.patel968@example.com
803,Rohit Kapoor,03-12-1993,Female,Jodhpur,Rajasthan,9403910514,rohit.kapoor646@example.com
804,Arjun Iyer,07-11-1981,Female,Amritsar,Punjab,8938208689,arjun.iyer189@example.com
805,Ananya Patel,27-09-1998,Male,Mangalore,Karnataka,9368405806,ananya.patel927@example.com
806,Riya Malhotra,30-04-1968,Male,Kolkata,West Bengal,7797208078,riya.malhotra62@example.com
807,Vihaan Kapoor,31-03-1970,Male,Madurai,Tamil Nadu,8759375740,vihaan.kapoor957@example.com
808,Rahul Iyer,07-08-1999,Female,Kota,Rajasthan,7951858267,rahul.iyer249@example.com
809,Vihaan Gupta,14-11-1999,Male,Rajkot,Gujarat,9693148167,vihaan.gupta142@example.com
810,Isha Nair,22-06-1961,Male,Surat,Gujarat,9032494614,isha.nair443@example.com
811,Aditya Nath,22-09-1997,Male,Kochi,Kerala,7518740154,aditya.nath848@example.com
812,Arjun Nath,31-08-1976,Female,Mysuru,Karnataka,7150897610,arjun.nath621@example.com
813,Sai Singh,22-08-1993,Male,Karnal,Haryana,9593468785,sai.singh257@example.com
814,Ananya Desai,11-01-1996,Male,Jaipur,Rajasthan,9251757454,ananya.desai498@example.com
815,Aditya Kapoor,20-09-1998,Male,Coimbatore,Tamil Nadu,8666667376,aditya.kapoor58@example.com
816,Vivaan Nair,30-01-2000,Female,Kota,Rajasthan,7176977857,vivaan.nair666@example.com
817,Ananya Singh,26-08-1978,Male,Jodhpur,Rajasthan,9419310944,ananya.singh545@example.com
818,Ankit Reddy,18-08-1990,Female,Amritsar,Punjab,9908312615,ankit.reddy503@example.com
819,Riya Desai,23-03-1962,Female,Jaipur,Rajasthan,7927733986,riya.desai94@example.com
820,Rahul Malhotra,28-10-1966,Female,Surat,Gujarat,8209398026,rahul.malhotra986@example.com
821,Priya Mehta,17-12-1985,Female,Kanpur,Uttar Pradesh,9153962444,priya.mehta529@example.com
822,Priya Mehta,24-07-1982,Female,Thiruvananthapuram,Kerala,9061856115,priya.mehta600@example.com
823,Riya Nair,03-09-1989,Female,Amritsar,Punjab,9805630367,riya.nair955@example.com
824,Neha Malhotra,22-12-1966,Female,Vadodara,Gujarat,8783580382,neha.malhotra885@example.com
825,Ananya Reddy,20-01-1960,Male,Howrah,West Bengal,7648953259,ananya.reddy326@example.com
826,Priya Desai,02-05-2004,Male,Hubli,Karnataka,9311318608,priya.desai858@example.com
827,Aditi Kumar,07-11-1990,Male,Bengaluru,Karnataka,7219106239,aditi.kumar314@example.com
828,Isha Das,18-02-1968,Male,Udaipur,Rajasthan,8578345253,isha.das493@example.com
829,Neha Mishra,22-02-1982,Female,Kozhikode,Kerala,8677306739,neha.mishra29@example.com
830,Vihaan Chatterjee,14-11-1989,Male,Kota,Rajasthan,9208085920,vihaan.chatterjee787@example.com
831,Neha Nath,27-05-1994,Female,Madurai,Tamil Nadu,9365934726,neha.nath227@example.com
832,Sneha Desai,31-12-1999,Female,Coimbatore,Tamil Nadu,9198854554,sneha.desai517@example.com
833,Arjun Chopra,01-01-2001,Female,Gurgaon,Haryana,9703446057,arjun.chopra668@example.com
834,Rahul Chatterjee,19-07-1979,Male,Mangalore,Karnataka,8358179141,rahul.chatterjee324@example.com
835,Akash Desai,26-04-1976,Female,Noida,Uttar Pradesh,8311368624,akash.desai315@example.com
836,Neha Singh,27-10-1961,Female,Rajkot,Gujarat,9073377007,neha.singh430@example.com
837,Neha Iyer,15-02-1975,Female,Agra,Uttar Pradesh,8450652489,neha.iyer150@example.com
838,Priya Reddy,07-08-1996,Male,Darjeeling,West Bengal,7239738108,priya.reddy632@example.com
839,Ankit Reddy,02-09-1979,Male,Thiruvananthapuram,Kerala,8989422009,ankit.reddy62@example.com
840,Ankit Joshi,24-02-1982,Male,Madurai,Tamil Nadu,9828169259,ankit.joshi666@example.com
841,Pooja Reddy,09-09-2001,Male,Kota,Rajasthan,7177932298,pooja.reddy325@example.com
842,Kavya Sharma,01-05-1974,Male,Thiruvananthapuram,Kerala,8144859300,kavya.sharma998@example.com
843,Ankit Nair,16-07-1994,Female,Chennai,Tamil Nadu,8571880833,ankit.nair864@example.com
844,Isha Iyer,27-11-1975,Male,Kolkata,West Bengal,9750372407,isha.iyer50@example.com
845,Rahul Mehta,30-04-1982,Male,Rajkot,Gujarat,8149994771,rahul.mehta512@example.com
846,Priya Nair,16-07-1997,Female,Mysuru,Karnataka,9163616090,priya.nair2@example.com
847,Ananya Gupta,15-11-1978,Female,Darjeeling,West Bengal,9691204263,ananya.gupta848@example.com
848,Arjun Reddy,04-07-1974,Female,Kota,Rajasthan,9342816257,arjun.reddy387@example.com
849,Rahul Das,23-11-1969,Female,Chennai,Tamil Nadu,9846969905,rahul.das518@example.com
850,Pooja Malhotra,20-05-2001,Female,Jodhpur,Rajasthan,9877873115,pooja.malhotra635@example.com
851,Ananya Verma,09-01-1984,Male,Agra,Uttar Pradesh,7059615610,ananya.verma885@example.com
852,Vivaan Das,19-12-1976,Male,Hubli,Karnataka,9463436443,vivaan.das983@example.com
853,Sai Singh,28-05-2001,Female,Howrah,West Bengal,9347702469,sai.singh764@example.com
854,Priya Mehta,03-10-1970,Male,Kolkata,West Bengal,9769084870,priya.mehta916@example.com
855,Rohit Mishra,13-04-1964,Female,Jaipur,Rajasthan,7240054200,rohit.mishra840@example.com
856,Priya Chatterjee,12-05-1962,Male,Kochi,Kerala,7109927343,priya.chatterjee900@example.com
857,Isha Verma,14-11-2005,Female,Surat,Gujarat,7452854174,isha.verma23@example.com
858,Arjun Malhotra,03-04-1975,Female,Surat,Gujarat,7724779893,arjun.malhotra568@example.com
859,Aditi Jaiswal,05-09-1963,Female,Varanasi,Uttar Pradesh,9267787580,aditi.jaiswal534@example.com
860,Aarav Kumar,11-04-1995,Female,Kozhikode,Kerala,8859027849,aarav.kumar148@example.com
861,Priya Chopra,13-12-1993,Female,Patiala,Punjab,8663287453,priya.chopra930@example.com
862,Isha Sharma,28-04-1968,Female,Kota,Rajasthan,7238644570,isha.sharma845@example.com
863,Ankit Kumar,06-05-2003,Male,Patiala,Punjab,7783396403,ankit.kumar312@example.com
864,Ankit Sharma,26-11-1984,Female,Thrissur,Kerala,9479967244,ankit.sharma62@example.com
865,Isha Verma,21-07-1984,Female,Siliguri,West Bengal,8822281633,isha.verma417@example.com
866,Akash Patel,20-03-1992,Male,Kanpur,Uttar Pradesh,9821762704,akash.patel270@example.com
867,Ananya Iyer,24-09-1998,Male,Thane,Maharashtra,7836859096,ananya.iyer406@example.com
868,Priya Nath,29-03-1971,Female,Siliguri,West Bengal,8438166163,priya.nath692@example.com
869,Priya Kumar,08-12-1979,Female,Nagpur,Maharashtra,7566383604,priya.kumar368@example.com
870,Vivaan Verma,15-05-1994,Female,Patiala,Punjab,9877014303,vivaan.verma147@example.com
871,Neha Malhotra,28-05-1968,Male,Nagpur,Maharashtra,9340552103,neha.malhotra867@example.com
872,Akash Nath,11-06-2001,Male,Karnal,Haryana,8701652777,akash.nath921@example.com
873,Isha Mehta,15-02-1989,Female,Patiala,Punjab,8791917472,isha.mehta826@example.com
874,Sonal Desai,17-12-1992,Female,Ludhiana,Punjab,9229584688,sonal.desai533@example.com
875,Sai Kumar,29-12-1968,Male,Hubli,Karnataka,8784746102,sai.kumar349@example.com
876,Riya Singh,11-01-1961,Female,Amritsar,Punjab,7130425345,riya.singh976@example.com
877,Aditya Chatterjee,11-12-1961,Female,Patiala,Punjab,7137839275,aditya.chatterjee788@example.com
878,Vivaan Nair,10-08-1983,Male,Karnal,Haryana,9310104878,vivaan.nair782@example.com
879,Kavya Singh,24-01-1987,Male,Varanasi,Uttar Pradesh,8341144320,kavya.singh360@example.com
880,Kavya Jaiswal,18-05-1976,Male,Thiruvananthapuram,Kerala,8106523532,kavya.jaiswal733@example.com
881,Vihaan Patel,15-02-1984,Male,Chandigarh,Punjab,9657129590,vihaan.patel157@example.com
882,Vihaan Verma,27-07-1969,Male,Thrissur,Kerala,9636530560,vihaan.verma691@example.com
883,Riya Jaiswal,12-09-1995,Female,Agra,Uttar Pradesh,9975149546,riya.jaiswal656@example.com
884,Ananya Jaiswal,20-12-1992,Male,Kota,Rajasthan,7114337863,ananya.jaiswal605@example.com
885,Sai Kumar,28-06-1968,Male,Jodhpur,Rajasthan,7818542600,sai.kumar365@example.com
886,Vihaan Das,01-07-1992,Female,Siliguri,West Bengal,7685712922,vihaan.das860@example.com
887,Ankit Sharma,30-12-1966,Female,Vadodara,Gujarat,7442743994,ankit.sharma347@example.com
888,Vihaan Kapoor,10-12-1992,Male,Bengaluru,Karnataka,9226212696,vihaan.kapoor214@example.com
889,Rohit Jaiswal,07-05-1967,Male,Pune,Maharashtra,8953646907,rohit.jaiswal324@example.com
890,Neha Das,26-02-1979,Female,Gurgaon,Haryana,8931471755,neha.das382@example.com
891,Aditi Joshi,28-11-1985,Female,Gurgaon,Haryana,8413519426,aditi.joshi261@example.com
892,Pooja Chopra,11-02-1978,Female,Jaipur,Rajasthan,7510005535,pooja.chopra915@example.com
893,Akash Joshi,06-03-1965,Male,Kolkata,West Bengal,9153167103,akash.joshi899@example.com
894,Pooja Sharma,04-06-2002,Female,Lucknow,Uttar Pradesh,9293231742,pooja.sharma292@example.com
895,Kavya Gupta,18-02-1970,Female,Kota,Rajasthan,9792004153,kavya.gupta789@example.com
896,Vihaan Kumar,18-09-2005,Female,Vadodara,Gujarat,9287353440,vihaan.kumar876@example.com
897,Sai Kumar,14-05-2001,Female,Kozhikode,Kerala,7446118415,sai.kumar814@example.com
898,Aditi Joshi,12-08-1992,Male,Hubli,Karnataka,7312819499,aditi.joshi954@example.com
899,Arjun Kapoor,13-06-1966,Female,Thrissur,Kerala,8188674691,arjun.kapoor8@example.com
900,Kavya Patel,02-03-1998,Female,Mangalore,Karnataka,8579531169,kavya.patel759@example.com
901,Neha Kapoor,14-01-1999,Female,Gurgaon,Haryana,8208920911,neha.kapoor777@example.com
902,Riya Das,28-11-1987,Male,Hubli,Karnataka,7468373602,riya.das882@example.com
903,Neha Desai,08-07-1995,Male,Mangalore,Karnataka,7639089348,neha.desai893@example.com
904,Pooja Desai,26-06-1970,Female,Ludhiana,Punjab,7135851527,pooja.desai54@example.com
905,Ankit Singh,01-03-1998,Female,Surat,Gujarat,8496390827,ankit.singh231@example.com
906,Sai Verma,21-03-1982,Male,Jodhpur,Rajasthan,7567939642,sai.verma811@example.com
907,Rohit Verma,24-10-1961,Female,Varanasi,Uttar Pradesh,9720127388,rohit.verma17@example.com
908,Vivaan Mehta,29-12-2000,Female,Siliguri,West Bengal,7639162250,vivaan.mehta352@example.com
909,Riya Mehta,17-04-2002,Male,Faridabad,Haryana,7854225592,riya.mehta580@example.com
910,Isha Mehta,09-12-2005,Male,Siliguri,West Bengal,7788276153,isha.mehta568@example.com
911,Aditya Malhotra,15-10-1981,Male,Kanpur,Uttar Pradesh,8755991776,aditya.malhotra800@example.com
912,Aditya Gupta,28-10-1963,Male,Patiala,Punjab,8008276780,aditya.gupta685@example.com
913,Vihaan Gupta,07-02-2001,Female,Jodhpur,Rajasthan,9513213594,vihaan.gupta724@example.com
914,Rohit Reddy,02-12-1968,Male,Siliguri,West Bengal,8702215172,rohit.reddy68@example.com
915,Aditya Mishra,24-02-2004,Male,Chandigarh,Punjab,7823598172,aditya.mishra255@example.com
916,Sonal Malhotra,26-07-1995,Male,Amritsar,Punjab,7800039816,sonal.malhotra465@example.com
917,Sneha Gupta,07-11-1962,Female,Siliguri,West Bengal,9549023174,sneha.gupta596@example.com
918,Rahul Das,12-04-2003,Male,Karnal,Haryana,9554382337,rahul.das410@example.com
919,Aarav Verma,30-08-1987,Male,Thiruvananthapuram,Kerala,7387056178,aarav.verma530@example.com
920,Priya Das,04-07-1998,Female,Howrah,West Bengal,7471012054,priya.das535@example.com
921,Priya Chatterjee,19-11-1969,Female,Siliguri,West Bengal,8772648363,priya.chatterjee469@example.com
922,Akash Iyer,15-01-1987,Male,Agra,Uttar Pradesh,8684602781,akash.iyer827@example.com
923,Rohit Jaiswal,10-06-1971,Male,Panipat,Haryana,7526484247,rohit.jaiswal579@example.com
924,Isha Desai,19-04-1983,Female,Ludhiana,Punjab,8276028684,isha.desai266@example.com
925,Sai Patel,16-08-1990,Male,Nagpur,Maharashtra,9245737377,sai.patel797@example.com
926,Arjun Patel,08-11-1988,Male,Pune,Maharashtra,8500795508,arjun.patel559@example.com
927,Aarav Gupta,15-02-2005,Female,Siliguri,West Bengal,9665949723,aarav.gupta765@example.com
928,Aarav Mehta,11-03-1974,Male,Pune,Maharashtra,7146300979,aarav.mehta9@example.com
929,Priya Mishra,08-06-1960,Female,Jodhpur,Rajasthan,7854514088,priya.mishra135@example.com
930,Sai Joshi,08-04-1979,Female,Mangalore,Karnataka,8495906891,sai.joshi762@example.com
931,Arjun Nath,15-01-2004,Female,Kota,Rajasthan,8409967411,arjun.nath149@example.com
932,Aditi Nath,12-05-2001,Female,Howrah,West Bengal,8676426036,aditi.nath847@example.com
933,Vihaan Reddy,23-04-1965,Female,Chennai,Tamil Nadu,9897201715,vihaan.reddy127@example.com
934,Pooja Desai,08-05-2001,Male,Salem,Tamil Nadu,7603345471,pooja.desai520@example.com
935,Akash Gupta,12-09-2001,Male,Lucknow,Uttar Pradesh,7923498651,akash.gupta958@example.com
936,Neha Chopra,13-06-1995,Female,Thrissur,Kerala,9236024492,neha.chopra318@example.com
937,Ankit Chatterjee,11-10-1986,Female,Coimbatore,Tamil Nadu,8816197674,ankit.chatterjee75@example.com
938,Neha Kapoor,11-01-1996,Female,Udaipur,Rajasthan,8737341531,neha.kapoor36@example.com
939,Rohit Kumar,14-11-1963,Male,Jaipur,Rajasthan,9542246448,rohit.kumar504@example.com
940,Rohit Kapoor,15-11-1986,Male,Rajkot,Gujarat,7603477502,rohit.kapoor87@example.com
941,Aditi Mehta,23-03-1976,Female,Rajkot,Gujarat,9965349949,aditi.mehta31@example.com
942,Aditya Sharma,22-07-1969,Male,Darjeeling,West Bengal,8873636078,aditya.sharma782@example.com
943,Neha Desai,26-11-1985,Female,Jaipur,Rajasthan,9467427084,neha.desai758@example.com
944,Priya Mehta,31-10-1992,Male,Mumbai,Maharashtra,9972485019,priya.mehta435@example.com
945,Aditya Reddy,09-02-1995,Male,Kanpur,Uttar Pradesh,8233958619,aditya.reddy185@example.com
946,Vivaan Joshi,24-05-1973,Male,Hubli,Karnataka,9623721188,vivaan.joshi476@example.com
947,Rahul Reddy,02-06-1967,Male,Pune,Maharashtra,9059528273,rahul.reddy860@example.com
948,Vivaan Mishra,11-11-1980,Male,Nashik,Maharashtra,9414165585,vivaan.mishra822@example.com
949,Kavya Malhotra,22-08-1964,Female,Kanpur,Uttar Pradesh,9653048450,kavya.malhotra980@example.com
950,Aditya Mishra,02-09-1992,Female,Panipat,Haryana,8139302644,aditya.mishra590@example.com
951,Neha Gupta,15-01-1983,Male,Faridabad,Haryana,7544538733,neha.gupta904@example.com
952,Ankit Iyer,25-01-1993,Female,Hubli,Karnataka,7777719757,ankit.iyer916@example.com
953,Vihaan Das,06-09-2004,Female,Amritsar,Punjab,7199407154,vihaan.das651@example.com
954,Ankit Chopra,08-03-1966,Male,Kota,Rajasthan,9350810837,ankit.chopra341@example.com
955,Kavya Patel,09-06-1975,Male,Pune,Maharashtra,7295950551,kavya.patel945@example.com
956,Vivaan Chopra,14-05-1976,Male,Pune,Maharashtra,7992450175,vivaan.chopra924@example.com
957,Arjun Nair,03-07-1973,Female,Madurai,Tamil Nadu,8324154160,arjun.nair175@example.com
958,Vihaan Singh,27-07-1992,Male,Nashik,Maharashtra,9024469200,vihaan.singh513@example.com
959,Arjun Nath,09-12-1960,Female,Amritsar,Punjab,9240180550,arjun.nath411@example.com
960,Riya Singh,07-08-1963,Female,Patiala,Punjab,7263035817,riya.singh120@example.com
961,Isha Singh,02-06-1985,Female,Faridabad,Haryana,7993207688,isha.singh259@example.com
962,Ananya Jaiswal,14-05-1965,Female,Agra,Uttar Pradesh,7596550275,ananya.jaiswal886@example.com
963,Neha Kapoor,02-11-1971,Female,Chandigarh,Punjab,9535189592,neha.kapoor504@example.com
964,Priya Iyer,06-09-1994,Female,Rajkot,Gujarat,8681929052,priya.iyer913@example.com
965,Sonal Sharma,19-10-1990,Male,Salem,Tamil Nadu,9665616972,sonal.sharma680@example.com
966,Ananya Kumar,04-08-1991,Female,Howrah,West Bengal,8975215530,ananya.kumar105@example.com
967,Aditya Verma,05-01-2000,Male,Kolkata,West Bengal,9820184400,aditya.verma257@example.com
968,Priya Patel,04-06-1972,Male,Kozhikode,Kerala,8114340738,priya.patel461@example.com
969,Kavya Gupta,03-11-1963,Female,Thiruvananthapuram,Kerala,7114233166,kavya.gupta331@example.com
970,Riya Gupta,11-05-2005,Female,Mangalore,Karnataka,7342032522,riya.gupta787@example.com
971,Vivaan Gupta,29-04-1982,Female,Patiala,Punjab,9609566701,vivaan.gupta630@example.com
972,Aarav Nath,03-05-1990,Female,Coimbatore,Tamil Nadu,7776629445,aarav.nath280@example.com
973,Aditi Iyer,06-03-1988,Female,Patiala,Punjab,8688562498,aditi.iyer522@example.com
974,Akash Joshi,13-02-2001,Female,Kanpur,Uttar Pradesh,9196012776,akash.joshi570@example.com
975,Aditya Reddy,29-07-2004,Female,Siliguri,West Bengal,8317239340,aditya.reddy927@example.com
976,Vihaan Verma,02-12-1960,Female,Nagpur,Maharashtra,7808208261,vihaan.verma156@example.com
977,Ananya Sharma,19-04-1992,Male,Madurai,Tamil Nadu,7149732713,ananya.sharma415@example.com
978,Ananya Verma,24-10-1983,Male,Kota,Rajasthan,9559765256,ananya.verma182@example.com
979,Pooja Kapoor,02-02-1992,Female,Noida,Uttar Pradesh,7031114736,pooja.kapoor980@example.com
980,Ananya Desai,29-07-2004,Female,Ludhiana,Punjab,7669373078,ananya.desai264@example.com
981,Riya Gupta,18-04-2003,Female,Siliguri,West Bengal,9259580786,riya.gupta563@example.com
982,Neha Patel,05-10-1979,Female,Siliguri,West Bengal,8881214156,neha.patel311@example.com
983,Ankit Kapoor,27-10-2001,Female,Patiala,Punjab,7232869649,ankit.kapoor839@example.com
984,Sai Malhotra,29-03-1983,Female,Vadodara,Gujarat,7605761137,sai.malhotra336@example.com
985,Neha Iyer,14-06-1968,Female,Pune,Maharashtra,7113892190,neha.iyer534@example.com
986,Sneha Jaiswal,06-10-1990,Female,Mysuru,Karnataka,8314519533,sneha.jaiswal8@example.com
987,Sneha Malhotra,06-02-1996,Male,Hubli,Karnataka,8403733206,sneha.malhotra994@example.com
988,Riya Kumar,12-08-1986,Male,Nashik,Maharashtra,8347055155,riya.kumar353@example.com
989,Aarav Chopra,16-10-1966,Male,Mumbai,Maharashtra,9690824489,aarav.chopra455@example.com
990,Sneha Iyer,05-04-1990,Female,Kolkata,West Bengal,7740662924,sneha.iyer233@example.com
991,Isha Gupta,22-05-1964,Male,Noida,Uttar Pradesh,7316663534,isha.gupta334@example.com
992,Priya Singh,02-03-1973,Female,Bengaluru,Karnataka,8593597389,priya.singh235@example.com
993,Neha Kumar,24-01-2001,Male,Lucknow,Uttar Pradesh,7084413489,neha.kumar162@example.com
994,Rohit Nair,04-04-1998,Male,Salem,Tamil Nadu,8923138424,rohit.nair549@example.com
995,Aditya Desai,05-09-1970,Male,Ludhiana,Punjab,7197198428,aditya.desai340@example.com
996,Isha Malhotra,16-09-2000,Female,Faridabad,Haryana,7086812929,isha.malhotra682@example.com
997,Sonal Mishra,13-12-1969,Male,Lucknow,Uttar Pradesh,8500313473,sonal.mishra368@example.com
998,Isha Das,15-07-1990,Male,Kozhikode,Kerala,9773916856,isha.das130@example.com
999,Rohit Malhotra,07-03-1969,Male,Faridabad,Haryana,9512454453,rohit.malhotra814@example.com
1000,Neha Reddy,14-10-1973,Female,Surat,Gujarat,9256325410,neha.reddy628@example.com

